"ResourceId","ResourceType","ResourceLocation","ResourceGroupName","ServiceName","ServiceTier","Meter","Tags","CostUSD","Cost","Currency"
"/subscriptions/a77d73b2-8f9b-4206-bc85-4b2511346e07/resourcegroups/m-rpr-7rsg-rprtest-01/providers/microsoft.compute/disks/disk1","microsoft.compute/disks","us east 2","m-rpr-7rsg-rprtest-01","storage","standard hdd managed disks","disk operations","mtb:app-code:rpr, mtb:cc-cld-requestor:, mtb:cc-cld-consumer:1.0146, mtb:cc-cld-provider:, mtb:ssr-num:, mtb:rfc-num:rfc0000000, mtb:deploy:manual, mtb:cloud:azuseast2, mtb:env:test, mtb:gl:iaas","0.000456062956445","0.000456062956445","USD"
"/subscriptions/a77d73b2-8f9b-4206-bc85-4b2511346e07/resourcegroups/m-rpr-7rsg-rprtest-01/providers/microsoft.compute/disks/disk1","microsoft.compute/disks","us east 2","m-rpr-7rsg-rprtest-01","storage","standard hdd managed disks","s10 disks","mtb:cc-cld-requestor:, mtb:cc-cld-consumer:1.0146, mtb:cc-cld-provider:, mtb:app-code:rpr, mtb:ssr-num:, mtb:rfc-num:rfc0000000, mtb:deploy:manual, mtb:cloud:azuseast2, mtb:env:test, mtb:gl:iaas","2.157310711981072","2.157310711981072","USD"
"/subscriptions/a77d73b2-8f9b-4206-bc85-4b2511346e07/resourcegroups/m-rpr-7rsg-rprtest-01/providers/microsoft.compute/disks/disk2","microsoft.compute/disks","us east 2","m-rpr-7rsg-rprtest-01","storage","standard hdd managed disks","disk operations","mtb:app-code:rpr, mtb:cc-cld-requestor:, mtb:cc-cld-consumer:1.0146, mtb:cc-cld-provider:, mtb:ssr-num:, mtb:rfc-num:rfc0000000, mtb:deploy:manual, mtb:cloud:azuseast2, mtb:env:test, mtb:gl:iaas","0.00297964795503","0.00297964795503","USD"
"/subscriptions/a77d73b2-8f9b-4206-bc85-4b2511346e07/resourcegroups/m-rpr-7rsg-rprtest-01/providers/microsoft.compute/disks/disk2","microsoft.compute/disks","us east 2","m-rpr-7rsg-rprtest-01","storage","standard hdd managed disks","s6 disks","mtb:app-code:rpr, mtb:cc-cld-requestor:, mtb:cc-cld-consumer:1.0146, mtb:cc-cld-provider:, mtb:rfc-num:rfc0000000, mtb:ssr-num:, mtb:deploy:manual, mtb:cloud:azuseast2, mtb:env:test, mtb:gl:iaas","1.100616401402756","1.100616401402756","USD"
"/subscriptions/a77d73b2-8f9b-4206-bc85-4b2511346e07/resourcegroups/m-rpr-7rsg-rprtest-01/providers/microsoft.compute/disks/disk3","microsoft.compute/disks","us east 2","m-rpr-7rsg-rprtest-01","storage","standard hdd managed disks","disk operations","mtb:app-code:rpr, mtb:cc-cld-requestor:, mtb:cc-cld-consumer:1.0146, mtb:cc-cld-provider:, mtb:ssr-num:, mtb:rfc-num:rfc0000000, mtb:deploy:manual, mtb:cloud:azuseast2, mtb:env:test, mtb:gl:iaas","0.000569828880176","0.000569828880176","USD"
"/subscriptions/a77d73b2-8f9b-4206-bc85-4b2511346e07/resourcegroups/m-rpr-7rsg-rprtest-01/providers/microsoft.compute/disks/disk3","microsoft.compute/disks","us east 2","m-rpr-7rsg-rprtest-01","storage","standard hdd managed disks","s20 disks","mtb:cc-cld-requestor:, mtb:cc-cld-provider:, mtb:cc-cld-consumer:1.0146, mtb:app-code:rpr, mtb:rfc-num:rfc0000000, mtb:ssr-num:, mtb:deploy:manual, mtb:cloud:azuseast2, mtb:env:test, mtb:gl:iaas","7.981071428571433","7.981071428571433","USD"
"/subscriptions/a77d73b2-8f9b-4206-bc85-4b2511346e07/resourcegroups/m-rpr-7rsg-rprtest-01/providers/microsoft.compute/disks/disk4","microsoft.compute/disks","us east 2","m-rpr-7rsg-rprtest-01","storage","standard hdd managed disks","disk operations","mtb:cc-cld-requestor:, mtb:cc-cld-consumer:1.0146, mtb:cc-cld-provider:, mtb:app-code:rpr, mtb:ssr-num:, mtb:rfc-num:rfc0000000, mtb:deploy:manual, mtb:cloud:azuseast2, mtb:env:test, mtb:gl:iaas","0.000871356042989","0.000871356042989","USD"
"/subscriptions/a77d73b2-8f9b-4206-bc85-4b2511346e07/resourcegroups/m-rpr-7rsg-rprtest-01/providers/microsoft.compute/disks/disk4","microsoft.compute/disks","us east 2","m-rpr-7rsg-rprtest-01","storage","standard hdd managed disks","s40 disks","mtb:cc-cld-consumer:1.0146, mtb:app-code:rpr, mtb:deploy:manual, mtb:cc-cld-requestor:, mtb:cc-cld-provider:, mtb:cloud:azuseast2, mtb:env:test, mtb:gl:iaas, mtb:ssr-num:, mtb:rfc-num:rfc0000000","30.056515580736544","30.056515580736544","USD"
"/subscriptions/a77d73b2-8f9b-4206-bc85-4b2511346e07/resourcegroups/m-rpr-7rsg-rprtest-01/providers/microsoft.compute/disks/disk5","microsoft.compute/disks","us east 2","m-rpr-7rsg-rprtest-01","storage","standard hdd managed disks","disk operations","mtb:cc-cld-requestor:, mtb:cc-cld-consumer:1.0146, mtb:cc-cld-provider:, mtb:app-code:rpr, mtb:rfc-num:rfc0000000, mtb:ssr-num:, mtb:deploy:manual, mtb:cloud:azuseast2, mtb:env:test, mtb:gl:iaas","0.000455563325686","0.000455563325686","USD"
"/subscriptions/a77d73b2-8f9b-4206-bc85-4b2511346e07/resourcegroups/m-rpr-7rsg-rprtest-01/providers/microsoft.compute/disks/disk5","microsoft.compute/disks","us east 2","m-rpr-7rsg-rprtest-01","storage","standard hdd managed disks","s10 disks","mtb:app-code:rpr, mtb:cc-cld-requestor:, mtb:cc-cld-consumer:1.0146, mtb:cc-cld-provider:, mtb:rfc-num:rfc0000000, mtb:ssr-num:, mtb:deploy:manual, mtb:cloud:azuseast2, mtb:env:test, mtb:gl:iaas","2.157310711981072","2.157310711981072","USD"
"/subscriptions/a77d73b2-8f9b-4206-bc85-4b2511346e07/resourcegroups/m-rpr-7rsg-rprtest-01/providers/microsoft.compute/disks/disk6","microsoft.compute/disks","us east 2","m-rpr-7rsg-rprtest-01","storage","standard hdd managed disks","disk operations","mtb:cc-cld-requestor:, mtb:cc-cld-consumer:1.0146, mtb:cc-cld-provider:, mtb:app-code:rpr, mtb:rfc-num:rfc0000000, mtb:ssr-num:, mtb:deploy:manual, mtb:cloud:azuseast2, mtb:env:test, mtb:gl:iaas","0.00047604818679","0.00047604818679","USD"
"/subscriptions/a77d73b2-8f9b-4206-bc85-4b2511346e07/resourcegroups/m-rpr-7rsg-rprtest-01/providers/microsoft.compute/disks/disk6","microsoft.compute/disks","us east 2","m-rpr-7rsg-rprtest-01","storage","standard hdd managed disks","s10 disks","mtb:cc-cld-requestor:, mtb:cc-cld-provider:, mtb:cc-cld-consumer:1.0146, mtb:app-code:rpr, mtb:rfc-num:rfc0000000, mtb:ssr-num:, mtb:deploy:manual, mtb:cloud:azuseast2, mtb:env:test, mtb:gl:iaas","2.157310711981072","2.157310711981072","USD"
"/subscriptions/a77d73b2-8f9b-4206-bc85-4b2511346e07/resourcegroups/m-rpr-7rsg-rprtest-01/providers/microsoft.compute/disks/disk7","microsoft.compute/disks","us east 2","m-rpr-7rsg-rprtest-01","storage","standard hdd managed disks","disk operations","mtb:cc-cld-requestor:, mtb:cc-cld-provider:, mtb:cc-cld-consumer:1.0146, mtb:app-code:rpr, mtb:rfc-num:rfc0000000, mtb:ssr-num:, mtb:deploy:manual, mtb:cloud:azuseast2, mtb:env:test, mtb:gl:iaas","0.000444021855162","0.000444021855162","USD"
"/subscriptions/a77d73b2-8f9b-4206-bc85-4b2511346e07/resourcegroups/m-rpr-7rsg-rprtest-01/providers/microsoft.compute/disks/disk7","microsoft.compute/disks","us east 2","m-rpr-7rsg-rprtest-01","storage","standard hdd managed disks","s6 disks","mtb:app-code:rpr, mtb:cc-cld-requestor:, mtb:cc-cld-consumer:1.0146, mtb:cc-cld-provider:, mtb:rfc-num:rfc0000000, mtb:ssr-num:, mtb:deploy:manual, mtb:cloud:azuseast2, mtb:env:test, mtb:gl:iaas","1.100616401402756","1.100616401402756","USD"
"/subscriptions/a77d73b2-8f9b-4206-bc85-4b2511346e07/resourcegroups/m-rpr-7rsg-rprtest-01/providers/microsoft.compute/disks/disk8","microsoft.compute/disks","us east 2","m-rpr-7rsg-rprtest-01","storage","standard hdd managed disks","disk operations","mtb:cc-cld-requestor:, mtb:cc-cld-provider:, mtb:cc-cld-consumer:1.0146, mtb:app-code:rpr, mtb:ssr-num:, mtb:rfc-num:rfc0000000, mtb:deploy:manual, mtb:cloud:azuseast2, mtb:env:test, mtb:gl:iaas","0.000444721338225","0.000444721338225","USD"
"/subscriptions/a77d73b2-8f9b-4206-bc85-4b2511346e07/resourcegroups/m-rpr-7rsg-rprtest-01/providers/microsoft.compute/disks/disk8","microsoft.compute/disks","us east 2","m-rpr-7rsg-rprtest-01","storage","standard hdd managed disks","s6 disks","mtb:cc-cld-requestor:, mtb:cc-cld-provider:, mtb:cc-cld-consumer:1.0146, mtb:app-code:rpr, mtb:rfc-num:rfc0000000, mtb:ssr-num:, mtb:deploy:manual, mtb:cloud:azuseast2, mtb:env:test, mtb:gl:iaas","1.100616401402756","1.100616401402756","USD"
"/subscriptions/a77d73b2-8f9b-4206-bc85-4b2511346e07/resourcegroups/m-rpr-7rsg-rprtest-01/providers/microsoft.compute/disks/mrpr6vmwdb01_osdisk_1_6b280088c0b648ce9b2e2923112b351c","microsoft.compute/disks","us east 2","m-rpr-7rsg-rprtest-01","storage","standard hdd managed disks","disk operations","mtb:cc-cld-requestor:, mtb:cc-cld-consumer:1.0146, mtb:cc-cld-provider:, mtb:app-code:rpr, mtb:rfc-num:rfc0000000, mtb:ssr-num:, mtb:deploy:manual, mtb:cloud:azuseast2, mtb:env:test, mtb:gl:iaas","0.24926643498265","0.24926643498265","USD"
"/subscriptions/a77d73b2-8f9b-4206-bc85-4b2511346e07/resourcegroups/m-rpr-7rsg-rprtest-01/providers/microsoft.compute/disks/mrpr6vmwdb01_osdisk_1_6b280088c0b648ce9b2e2923112b351c","microsoft.compute/disks","us east 2","m-rpr-7rsg-rprtest-01","storage","standard hdd managed disks","s10 disks","mtb:cc-cld-requestor:, mtb:cc-cld-provider:, mtb:cc-cld-consumer:1.0146, mtb:app-code:rpr, mtb:ssr-num:, mtb:rfc-num:rfc0000000, mtb:deploy:manual, mtb:cloud:azuseast2, mtb:env:test, mtb:gl:iaas","2.157310711981072","2.157310711981072","USD"
"/subscriptions/a77d73b2-8f9b-4206-bc85-4b2511346e07/resourcegroups/m-rpr-7rsg-rprtest-01/providers/microsoft.compute/disks/mrpr6vmwweb01_osdisk_1_af63230eb8b944949d670725b03da615","microsoft.compute/disks","us east 2","m-rpr-7rsg-rprtest-01","storage","standard hdd managed disks","disk operations","mtb:app-code:rpr, mtb:cc-cld-requestor:, mtb:cc-cld-consumer:1.0146, mtb:cc-cld-provider:, mtb:ssr-num:, mtb:rfc-num:rfc0000000, mtb:deploy:manual, mtb:cloud:azuseast2, mtb:env:test, mtb:gl:iaas","0.245406187815599","0.245406187815599","USD"
"/subscriptions/a77d73b2-8f9b-4206-bc85-4b2511346e07/resourcegroups/m-rpr-7rsg-rprtest-01/providers/microsoft.compute/disks/mrpr6vmwweb01_osdisk_1_af63230eb8b944949d670725b03da615","microsoft.compute/disks","us east 2","m-rpr-7rsg-rprtest-01","storage","standard hdd managed disks","s10 disks","mtb:app-code:rpr, mtb:cc-cld-requestor:, mtb:cc-cld-consumer:1.0146, mtb:cc-cld-provider:, mtb:rfc-num:rfc0000000, mtb:ssr-num:, mtb:deploy:manual, mtb:cloud:azuseast2, mtb:env:test, mtb:gl:iaas","2.157310711981072","2.157310711981072","USD"
"/subscriptions/a77d73b2-8f9b-4206-bc85-4b2511346e07/resourcegroups/m-rpr-7rsg-rprtest-01/providers/microsoft.compute/disks/mrpr6wmwweb01_datadisk0","microsoft.compute/disks","us east 2","m-rpr-7rsg-rprtest-01","storage","standard hdd managed disks","disk operations","mtb:cc-cld-requestor:, mtb:cc-cld-provider:, mtb:cc-cld-consumer:1.0146, mtb:app-code:rpr, mtb:ssr-num:, mtb:rfc-num:rfc0000000, mtb:deploy:manual, mtb:cloud:azuseast2, mtb:env:test, mtb:gl:iaas","0.000522413921186","0.000522413921186","USD"
"/subscriptions/a77d73b2-8f9b-4206-bc85-4b2511346e07/resourcegroups/m-rpr-7rsg-rprtest-01/providers/microsoft.compute/disks/mrpr6wmwweb01_datadisk0","microsoft.compute/disks","us east 2","m-rpr-7rsg-rprtest-01","storage","standard hdd managed disks","s10 disks","mtb:app-code:rpr, mtb:cc-cld-requestor:, mtb:cc-cld-consumer:1.0146, mtb:cc-cld-provider:, mtb:ssr-num:, mtb:rfc-num:rfc0000000, mtb:deploy:manual, mtb:cloud:azuseast2, mtb:env:test, mtb:gl:iaas","2.157310711981072","2.157310711981072","USD"
"/subscriptions/a77d73b2-8f9b-4206-bc85-4b2511346e07/resourcegroups/m-rpr-7rsg-rprtest-01/providers/microsoft.compute/disks/mrpr6wmwweb01_datadisk1","microsoft.compute/disks","us east 2","m-rpr-7rsg-rprtest-01","storage","standard hdd managed disks","disk operations","mtb:app-code:rpr, mtb:cc-cld-requestor:, mtb:cc-cld-consumer:1.0146, mtb:cc-cld-provider:, mtb:rfc-num:rfc0000000, mtb:ssr-num:, mtb:deploy:manual, mtb:cloud:azuseast2, mtb:env:test, mtb:gl:iaas","0.000494534524857","0.000494534524857","USD"
"/subscriptions/a77d73b2-8f9b-4206-bc85-4b2511346e07/resourcegroups/m-rpr-7rsg-rprtest-01/providers/microsoft.compute/disks/mrpr6wmwweb01_datadisk1","microsoft.compute/disks","us east 2","m-rpr-7rsg-rprtest-01","storage","standard hdd managed disks","s10 disks","mtb:cc-cld-requestor:, mtb:cc-cld-consumer:1.0146, mtb:cc-cld-provider:, mtb:app-code:rpr, mtb:rfc-num:rfc0000000, mtb:ssr-num:, mtb:deploy:manual, mtb:cloud:azuseast2, mtb:env:test, mtb:gl:iaas","2.157310711981072","2.157310711981072","USD"
"/subscriptions/a77d73b2-8f9b-4206-bc85-4b2511346e07/resourcegroups/m-rpr-7rsg-rprtest-01/providers/microsoft.compute/disks/rpr-test2_osdisk_1_3cc4539a98db4d449edab6e53df32703","microsoft.compute/disks","us east 2","m-rpr-7rsg-rprtest-01","storage","standard ssd managed disks","disk operations","mtb:cc-cld-requestor:, mtb:cc-cld-provider:, mtb:cc-cld-consumer:1.0146, mtb:app-code:rpr, mtb:ssr-num:, mtb:rfc-num:rfc0000000, mtb:deploy:manual, mtb:cloud:azuseast2, mtb:env:test, mtb:gl:iaas","0.371227079422171","0.371227079422171","USD"
"/subscriptions/a77d73b2-8f9b-4206-bc85-4b2511346e07/resourcegroups/m-rpr-7rsg-rprtest-01/providers/microsoft.compute/disks/rpr-test2_osdisk_1_3cc4539a98db4d449edab6e53df32703","microsoft.compute/disks","us east 2","m-rpr-7rsg-rprtest-01","storage","standard ssd managed disks","e10 disks","mtb:cc-cld-requestor:, mtb:cc-cld-consumer:1.0146, mtb:cc-cld-provider:, mtb:app-code:rpr, mtb:ssr-num:, mtb:rfc-num:rfc0000000, mtb:deploy:manual, mtb:cloud:azuseast2, mtb:env:test, mtb:gl:iaas","3.532857142857146","3.532857142857146","USD"
"/subscriptions/a77d73b2-8f9b-4206-bc85-4b2511346e07/resourcegroups/m-rpr-7rsg-rprtest-01/providers/microsoft.compute/virtualmachines/mrpr6vmwdb01","microsoft.compute/virtualmachines","us east 2","m-rpr-7rsg-rprtest-01","bandwidth","bandwidth","data transfer out","mtb:app-code:rpr, mtb:cc-cld-requestor:, mtb:cc-cld-provider:, mtb:cc-cld-consumer:1.0146, mtb:rfc-num:rfc0000000, mtb:ssr-num:, mtb:deploy:manual, mtb:cloud:azuseast2, mtb:env:test, mtb:gl:iaas, mtb:deploy:ado","0.000007385422512","0.000007385422512","USD"
"/subscriptions/a77d73b2-8f9b-4206-bc85-4b2511346e07/resourcegroups/m-rpr-7rsg-rprtest-01/providers/microsoft.compute/virtualmachines/mrpr6vmwdb01","microsoft.compute/virtualmachines","us east 2","m-rpr-7rsg-rprtest-01","bandwidth","bandwidth inter-region","data transfer out","mtb:app-code:rpr","3.0507395e-8","3.0507395e-8","USD"
"/subscriptions/a77d73b2-8f9b-4206-bc85-4b2511346e07/resourcegroups/m-rpr-7rsg-rprtest-01/providers/microsoft.compute/virtualmachines/mrpr6vmwdb01","microsoft.compute/virtualmachines","us east 2","m-rpr-7rsg-rprtest-01","virtual machines","dv2 series vm","d11 v2/ds11 v2","mtb:cc-cld-requestor:, mtb:cc-cld-provider:, mtb:cc-cld-consumer:1.0146, mtb:app-code:rpr, mtb:rfc-num:rfc0000000, mtb:ssr-num:, mtb:deploy:manual, mtb:cloud:azuseast2, mtb:env:test, mtb:gl:iaas, mtb:deploy:ado","40.51683214555714","40.51683214555714","USD"
"/subscriptions/a77d73b2-8f9b-4206-bc85-4b2511346e07/resourcegroups/m-rpr-7rsg-rprtest-01/providers/microsoft.compute/virtualmachines/mrpr6vmwdb01","microsoft.compute/virtualmachines","us east 2","m-rpr-7rsg-rprtest-01","virtual network","virtual network peering","egress","mtb:app-code:rpr, mtb:cc-cld-requestor:, mtb:cc-cld-provider:, mtb:cc-cld-consumer:1.0146, mtb:ssr-num:, mtb:rfc-num:rfc0000000, mtb:deploy:manual, mtb:cloud:azuseast2, mtb:env:test, mtb:gl:iaas, mtb:deploy:ado","0.021716827633084","0.021716827633084","USD"
"/subscriptions/a77d73b2-8f9b-4206-bc85-4b2511346e07/resourcegroups/m-rpr-7rsg-rprtest-01/providers/microsoft.compute/virtualmachines/mrpr6vmwdb01","microsoft.compute/virtualmachines","us east 2","m-rpr-7rsg-rprtest-01","virtual network","virtual network peering","ingress","mtb:app-code:rpr, mtb:cc-cld-requestor:, mtb:cc-cld-consumer:1.0146, mtb:cc-cld-provider:, mtb:rfc-num:rfc0000000, mtb:ssr-num:, mtb:deploy:manual, mtb:cloud:azuseast2, mtb:env:test, mtb:gl:iaas, mtb:deploy:ado","0.00603244680938","0.00603244680938","USD"
"/subscriptions/a77d73b2-8f9b-4206-bc85-4b2511346e07/resourcegroups/m-rpr-7rsg-rprtest-01/providers/microsoft.compute/virtualmachines/mrpr6vmwweb01","microsoft.compute/virtualmachines","us east 2","m-rpr-7rsg-rprtest-01","bandwidth","bandwidth","data transfer out","mtb:app-code:rpr, mtb:cc-cld-requestor:, mtb:cc-cld-consumer:1.0146, mtb:cc-cld-provider:, mtb:rfc-num:rfc0000000, mtb:ssr-num:, mtb:deploy:manual, mtb:cloud:azuseast2, mtb:env:test, mtb:gl:iaas, mtb:deploy:ado","0.000005713251378","0.000005713251378","USD"
"/subscriptions/a77d73b2-8f9b-4206-bc85-4b2511346e07/resourcegroups/m-rpr-7rsg-rprtest-01/providers/microsoft.compute/virtualmachines/mrpr6vmwweb01","microsoft.compute/virtualmachines","us east 2","m-rpr-7rsg-rprtest-01","bandwidth","bandwidth inter-region","data transfer out","mtb:app-code:rpr, mtb:cc-cld-requestor:, mtb:cc-cld-provider:, mtb:cc-cld-consumer:1.0146, mtb:rfc-num:rfc0000000, mtb:ssr-num:, mtb:deploy:manual, mtb:cloud:azuseast2, mtb:env:test, mtb:gl:iaas","9.6098295e-7","9.6098295e-7","USD"
"/subscriptions/a77d73b2-8f9b-4206-bc85-4b2511346e07/resourcegroups/m-rpr-7rsg-rprtest-01/providers/microsoft.compute/virtualmachines/mrpr6vmwweb01","microsoft.compute/virtualmachines","us east 2","m-rpr-7rsg-rprtest-01","virtual machines","fsv2 series vm","f4s v2","mtb:app-code:rpr, mtb:cc-cld-requestor:, mtb:cc-cld-provider:, mtb:cc-cld-consumer:1.0146, mtb:rfc-num:rfc0000000, mtb:ssr-num:, mtb:deploy:manual, mtb:cloud:azuseast2, mtb:env:test, mtb:gl:iaas, mtb:deploy:ado","46.12966114066874","46.12966114066874","USD"
"/subscriptions/a77d73b2-8f9b-4206-bc85-4b2511346e07/resourcegroups/m-rpr-7rsg-rprtest-01/providers/microsoft.compute/virtualmachines/mrpr6vmwweb01","microsoft.compute/virtualmachines","us east 2","m-rpr-7rsg-rprtest-01","virtual network","virtual network peering","egress","mtb:cc-cld-requestor:, mtb:cc-cld-consumer:1.0146, mtb:cc-cld-provider:, mtb:app-code:rpr, mtb:rfc-num:rfc0000000, mtb:ssr-num:, mtb:deploy:manual, mtb:cloud:azuseast2, mtb:env:test, mtb:gl:iaas, mtb:deploy:ado","0.022871994652385","0.022871994652385","USD"
"/subscriptions/a77d73b2-8f9b-4206-bc85-4b2511346e07/resourcegroups/m-rpr-7rsg-rprtest-01/providers/microsoft.compute/virtualmachines/mrpr6vmwweb01","microsoft.compute/virtualmachines","us east 2","m-rpr-7rsg-rprtest-01","virtual network","virtual network peering","ingress","mtb:app-code:rpr, mtb:cc-cld-requestor:, mtb:cc-cld-consumer:1.0146, mtb:cc-cld-provider:, mtb:ssr-num:, mtb:rfc-num:rfc0000000, mtb:deploy:manual, mtb:cloud:azuseast2, mtb:env:test, mtb:gl:iaas, mtb:deploy:ado","0.006915999142865","0.006915999142865","USD"
"/subscriptions/a77d73b2-8f9b-4206-bc85-4b2511346e07/resourcegroups/m-rpr-7rsg-rprtest-01/providers/microsoft.compute/virtualmachines/mrpr6vmwweb01","microsoft.compute/virtualmachines","us east 2","m-rpr-7rsg-rprtest-01","virtual network","virtual network private link","data processed - egress","mtb:cc-cld-requestor:, mtb:cc-cld-consumer:1.0146, mtb:cc-cld-provider:, mtb:app-code:rpr, mtb:ssr-num:, mtb:rfc-num:rfc0000000, mtb:deploy:manual, mtb:cloud:azuseast2, mtb:env:test, mtb:gl:iaas","0","0","USD"
"/subscriptions/a77d73b2-8f9b-4206-bc85-4b2511346e07/resourcegroups/m-rpr-7rsg-rprtest-01/providers/microsoft.compute/virtualmachines/mrpr6vmwweb01","microsoft.compute/virtualmachines","us east 2","m-rpr-7rsg-rprtest-01","virtual network","virtual network private link","data processed - ingress","mtb:cc-cld-requestor:, mtb:cc-cld-consumer:1.0146, mtb:cc-cld-provider:, mtb:app-code:rpr, mtb:ssr-num:, mtb:rfc-num:rfc0000000, mtb:deploy:manual, mtb:cloud:azuseast2, mtb:env:test, mtb:gl:iaas","0","0","USD"
"/subscriptions/a77d73b2-8f9b-4206-bc85-4b2511346e07/resourcegroups/m-rpr-7rsg-rprtest-01/providers/microsoft.compute/virtualmachines/rpr-test2","microsoft.compute/virtualmachines","us east 2","m-rpr-7rsg-rprtest-01","bandwidth","bandwidth","data transfer out","mtb:cc-cld-requestor:, mtb:cc-cld-provider:, mtb:cc-cld-consumer:1.0146, mtb:app-code:rpr, mtb:ssr-num:, mtb:rfc-num:rfc0000000, mtb:deploy:manual, mtb:cloud:azuseast2, mtb:env:test, mtb:gl:iaas, mtb:deploy:ado","0.00004068949761","0.00004068949761","USD"
"/subscriptions/a77d73b2-8f9b-4206-bc85-4b2511346e07/resourcegroups/m-rpr-7rsg-rprtest-01/providers/microsoft.compute/virtualmachines/rpr-test2","microsoft.compute/virtualmachines","us east 2","m-rpr-7rsg-rprtest-01","bandwidth","bandwidth inter-region","data transfer out","mtb:app-code:rpr, mtb:cc-cld-requestor:, mtb:cc-cld-consumer:1.0146, mtb:cc-cld-provider:, mtb:rfc-num:rfc0000000, mtb:ssr-num:, mtb:deploy:manual, mtb:cloud:azuseast2, mtb:env:test, mtb:gl:iaas, mtb:deploy:ado","0.000140181480866","0.000140181480866","USD"
"/subscriptions/a77d73b2-8f9b-4206-bc85-4b2511346e07/resourcegroups/m-rpr-7rsg-rprtest-01/providers/microsoft.compute/virtualmachines/rpr-test2","microsoft.compute/virtualmachines","intercontinental","m-rpr-7rsg-rprtest-01","bandwidth","bandwidth inter-region","data transfer out - nam or eu to any","mtb:cc-cld-requestor:, mtb:cc-cld-provider:, mtb:cc-cld-consumer:1.0146, mtb:app-code:rpr, mtb:rfc-num:rfc0000000, mtb:ssr-num:, mtb:deploy:manual, mtb:cloud:azuseast2, mtb:env:test, mtb:gl:iaas, mtb:deploy:ado","0","0","USD"
"/subscriptions/a77d73b2-8f9b-4206-bc85-4b2511346e07/resourcegroups/m-rpr-7rsg-rprtest-01/providers/microsoft.compute/virtualmachines/rpr-test2","microsoft.compute/virtualmachines","us east 2","m-rpr-7rsg-rprtest-01","virtual machines","ev3 series vm","e2 v3/e2s v3","mtb:cc-cld-requestor:, mtb:cc-cld-consumer:1.0146, mtb:cc-cld-provider:, mtb:app-code:rpr, mtb:ssr-num:, mtb:rfc-num:rfc0000000, mtb:deploy:manual, mtb:cloud:azuseast2, mtb:env:test, mtb:gl:iaas, mtb:deploy:ado","36.165178982780375","36.165178982780375","USD"
"/subscriptions/a77d73b2-8f9b-4206-bc85-4b2511346e07/resourcegroups/m-rpr-7rsg-rprtest-01/providers/microsoft.compute/virtualmachines/rpr-test2","microsoft.compute/virtualmachines","us east 2","m-rpr-7rsg-rprtest-01","virtual network","virtual network peering","egress","mtb:app-code:rpr, mtb:cc-cld-requestor:, mtb:cc-cld-provider:, mtb:cc-cld-consumer:1.0146, mtb:rfc-num:rfc0000000, mtb:ssr-num:, mtb:deploy:manual, mtb:cloud:azuseast2, mtb:env:test, mtb:gl:iaas, mtb:deploy:ado","0.000003345013108","0.000003345013108","USD"
"/subscriptions/a77d73b2-8f9b-4206-bc85-4b2511346e07/resourcegroups/m-rpr-7rsg-rprtest-01/providers/microsoft.compute/virtualmachines/rpr-test2","microsoft.compute/virtualmachines","us east 2","m-rpr-7rsg-rprtest-01","virtual network","virtual network peering","ingress","mtb:cc-cld-requestor:, mtb:cc-cld-consumer:1.0146, mtb:cc-cld-provider:, mtb:app-code:rpr, mtb:ssr-num:, mtb:rfc-num:rfc0000000, mtb:deploy:manual, mtb:cloud:azuseast2, mtb:env:test, mtb:gl:iaas, mtb:deploy:ado","0.000011963902188","0.000011963902188","USD"
"/subscriptions/a77d73b2-8f9b-4206-bc85-4b2511346e07/resourcegroups/m-rpr-7rsg-rprtest-01/providers/microsoft.keyvault/vaults/m-rpr-7akv-rprtest-01","microsoft.keyvault/vaults","us east 2","m-rpr-7rsg-rprtest-01","key vault","key vault","operations","mtb:cc-cld-requestor:, mtb:cc-cld-provider:, mtb:cc-cld-consumer:1.0146, mtb:app-code:rpr, mtb:rfc-num:rfc0000000, mtb:ssr-num:, mtb:deploy:ado, mtb:cloud:azuseast2, mtb:env:test, mtb:gl:paas","0.017864394177699","0.017864394177699","USD"
"/subscriptions/a77d73b2-8f9b-4206-bc85-4b2511346e07/resourcegroups/m-rpr-7rsg-rprtest-01/providers/microsoft.network/networksecuritygroups/m-fwp-7nsg-testrestricted-mssql-01","microsoft.network/networksecuritygroups","us east 2","m-rpr-7rsg-rprtest-01","network watcher","network watcher","traffic analytics processing","mtb:cc-cld-requestor:, mtb:cc-cld-consumer:1.0146, mtb:cc-cld-provider:, mtb:app-code:rpr, mtb:rfc-num:rfc0000000, mtb:ssr-num:, mtb:deploy:ado, mtb:cloud:azuseast2, mtb:env:test, mtb:gl:paas","0.056686673446247","0.056686673446247","USD"
"/subscriptions/a77d73b2-8f9b-4206-bc85-4b2511346e07/resourcegroups/m-rpr-7rsg-rprtest-01/providers/microsoft.network/networksecuritygroups/m-fwp-7nsg-testrestricted-web-01","microsoft.network/networksecuritygroups","us east 2","m-rpr-7rsg-rprtest-01","network watcher","network watcher","traffic analytics processing","mtb:app-code:rpr, mtb:cc-cld-requestor:, mtb:cc-cld-consumer:1.0146, mtb:cc-cld-provider:, mtb:ssr-num:, mtb:rfc-num:rfc0000000, mtb:deploy:ado, mtb:cloud:azuseast2, mtb:env:test, mtb:gl:paas","0.058204503791688","0.058204503791688","USD"
"/subscriptions/a77d73b2-8f9b-4206-bc85-4b2511346e07/resourcegroups/m-rpr-7rsg-rprtest-01/providers/microsoft.network/privatednszones/privatelink.blob.core.windows.net","microsoft.network/privatednszones","unknown","m-rpr-7rsg-rprtest-01","azure dns","azure dns","private zones","","0.183561200665928","0.183561200665928","USD"
"/subscriptions/a77d73b2-8f9b-4206-bc85-4b2511346e07/resourcegroups/m-rpr-7rsg-rprtest-01/providers/microsoft.network/privatednszones/privatelink.vaultcore.azure.net","microsoft.network/privatednszones","unknown","m-rpr-7rsg-rprtest-01","azure dns","azure dns","private zones","","0.183561200665928","0.183561200665928","USD"
"/subscriptions/a77d73b2-8f9b-4206-bc85-4b2511346e07/resourcegroups/m-rpr-7rsg-rprtest-01/providers/microsoft.network/privateendpoints/m-rpr-6pep-keyvault-01","microsoft.network/privateendpoints","us east 2","m-rpr-7rsg-rprtest-01","virtual network","virtual network private link","private endpoint","mtb:app-code:rpr, mtb:cc-cld-requestor:, mtb:cc-cld-provider:, mtb:cc-cld-consumer:1.0146, mtb:rfc-num:rfc0000000, mtb:ssr-num:, mtb:deploy:ado, mtb:cloud:azuseast2, mtb:env:test, mtb:gl:paas, mtb:gl:iaas","2.729299897976367","2.729299897976367","USD"
"/subscriptions/a77d73b2-8f9b-4206-bc85-4b2511346e07/resourcegroups/m-rpr-7rsg-rprtest-01/providers/microsoft.network/privateendpoints/mrpr6pepstorage01","microsoft.network/privateendpoints","us east 2","m-rpr-7rsg-rprtest-01","virtual network","virtual network private link","private endpoint","mtb:app-code:rpr, mtb:cc-cld-requestor:, mtb:cc-cld-provider:, mtb:cc-cld-consumer:1.0146, mtb:rfc-num:rfc0000000, mtb:ssr-num:, mtb:deploy:ado, mtb:cloud:azuseast2, mtb:env:test, mtb:gl:iaas","2.729299897976367","2.729299897976367","USD"
"/subscriptions/a77d73b2-8f9b-4206-bc85-4b2511346e07/resourcegroups/m-rpr-7rsg-rprtest-01/providers/microsoft.storage/storageaccounts/mpim7lrsstestrestrict01","microsoft.storage/storageaccounts","us east 2","m-rpr-7rsg-rprtest-01","bandwidth","bandwidth","data transfer in","mtb:cc-cld-requestor:, mtb:cc-cld-provider:, mtb:cc-cld-consumer:1.0146, mtb:app-code:rpr, mtb:ssr-num:, mtb:rfc-num:rfc0000000, mtb:deploy:ado, mtb:cloud:azuseast2, mtb:env:test, mtb:gl:iaas","0","0","USD"
"/subscriptions/a77d73b2-8f9b-4206-bc85-4b2511346e07/resourcegroups/m-rpr-7rsg-rprtest-01/providers/microsoft.storage/storageaccounts/mpim7lrsstestrestrict01","microsoft.storage/storageaccounts","us east 2","m-rpr-7rsg-rprtest-01","bandwidth","bandwidth","data transfer out","mtb:cc-cld-requestor:, mtb:cc-cld-consumer:1.0146, mtb:cc-cld-provider:, mtb:app-code:rpr, mtb:ssr-num:, mtb:rfc-num:rfc0000000, mtb:deploy:ado, mtb:cloud:azuseast2, mtb:env:test, mtb:gl:iaas","0.000684754079636","0.000684754079636","USD"
"/subscriptions/a77d73b2-8f9b-4206-bc85-4b2511346e07/resourcegroups/m-rpr-7rsg-rprtest-01/providers/microsoft.storage/storageaccounts/mpim7lrsstestrestrict01","microsoft.storage/storageaccounts","us east 2","m-rpr-7rsg-rprtest-01","storage","blob storage","all other operations","mtb:app-code:rpr, mtb:cc-cld-requestor:, mtb:cc-cld-consumer:1.0146, mtb:cc-cld-provider:, mtb:ssr-num:, mtb:rfc-num:rfc0000000, mtb:deploy:ado, mtb:cloud:azuseast2, mtb:env:test, mtb:gl:iaas","0.00121902929149","0.00121902929149","USD"
"/subscriptions/a77d73b2-8f9b-4206-bc85-4b2511346e07/resourcegroups/m-rpr-7rsg-rprtest-01/providers/microsoft.storage/storageaccounts/mpim7lrsstestrestrict01","microsoft.storage/storageaccounts","us east 2","m-rpr-7rsg-rprtest-01","storage","blob storage","hot lrs data stored","mtb:cc-cld-requestor:, mtb:cc-cld-consumer:1.0146, mtb:cc-cld-provider:, mtb:app-code:rpr, mtb:ssr-num:, mtb:rfc-num:rfc0000000, mtb:deploy:ado, mtb:cloud:azuseast2, mtb:env:test, mtb:gl:iaas","0.000046698574199","0.000046698574199","USD"
"/subscriptions/a77d73b2-8f9b-4206-bc85-4b2511346e07/resourcegroups/m-rpr-7rsg-rprtest-01/providers/microsoft.storage/storageaccounts/mpim7lrsstestrestrict01","microsoft.storage/storageaccounts","us east 2","m-rpr-7rsg-rprtest-01","storage","blob storage","hot lrs write operations","mtb:cc-cld-requestor:, mtb:cc-cld-provider:, mtb:cc-cld-consumer:1.0146, mtb:app-code:rpr, mtb:rfc-num:rfc0000000, mtb:ssr-num:, mtb:deploy:ado, mtb:cloud:azuseast2, mtb:env:test, mtb:gl:iaas","0.069714602908359","0.069714602908359","USD"
"/subscriptions/a77d73b2-8f9b-4206-bc85-4b2511346e07/resourcegroups/m-rpr-7rsg-rprtest-01/providers/microsoft.storage/storageaccounts/mpim7lrsstestrestrict01","microsoft.storage/storageaccounts","us east 2","m-rpr-7rsg-rprtest-01","storage","blob storage","lrs list and create container operations","mtb:cc-cld-consumer:1.0146, mtb:cc-cld-requestor:, mtb:cc-cld-provider:, mtb:app-code:rpr, mtb:deploy:ado, mtb:cloud:azuseast2, mtb:ssr-num:, mtb:rfc-num:rfc0000000, mtb:env:test, mtb:gl:iaas","0.016091987839561","0.016091987839561","USD"
"/subscriptions/a77d73b2-8f9b-4206-bc85-4b2511346e07/resourcegroups/m-rpr-7rsg-rprtest-01/providers/microsoft.storage/storageaccounts/mpim7lrsstestrestrict01","microsoft.storage/storageaccounts","us east 2","m-rpr-7rsg-rprtest-01","storage","files","list operations","mtb:cc-cld-requestor:, mtb:cc-cld-consumer:1.0146, mtb:cc-cld-provider:, mtb:app-code:rpr, mtb:ssr-num:, mtb:rfc-num:rfc0000000, mtb:deploy:ado, mtb:cloud:azuseast2, mtb:env:test, mtb:gl:iaas","0","0","USD"
"/subscriptions/a77d73b2-8f9b-4206-bc85-4b2511346e07/resourcegroups/m-rpr-7rsg-rprtest-01/providers/microsoft.storage/storageaccounts/mpim7lrsstestrestrict01","microsoft.storage/storageaccounts","us east 2","m-rpr-7rsg-rprtest-01","storage","files","read operations","mtb:cc-cld-requestor:, mtb:cc-cld-consumer:1.0146, mtb:cc-cld-provider:, mtb:app-code:rpr, mtb:ssr-num:, mtb:rfc-num:rfc0000000, mtb:deploy:ado, mtb:cloud:azuseast2, mtb:env:test, mtb:gl:iaas","0.00040694089668","0.00040694089668","USD"
"/subscriptions/a77d73b2-8f9b-4206-bc85-4b2511346e07/resourcegroups/m-rpr-7rsg-rprtest-01/providers/microsoft.storage/storageaccounts/mpim7lrsstestrestrict01","microsoft.storage/storageaccounts","us east 2","m-rpr-7rsg-rprtest-01","storage","queues v2","class 2 operations","mtb:cc-cld-requestor:, mtb:cc-cld-consumer:1.0146, mtb:cc-cld-provider:, mtb:app-code:rpr, mtb:ssr-num:, mtb:rfc-num:rfc0000000, mtb:deploy:ado, mtb:cloud:azuseast2, mtb:env:test, mtb:gl:iaas","0.000828999615731","0.000828999615731","USD"
"/subscriptions/a77d73b2-8f9b-4206-bc85-4b2511346e07/resourcegroups/m-rpr-7rsg-rprtest-01/providers/microsoft.storage/storageaccounts/mpim7lrsstestrestrict01","microsoft.storage/storageaccounts","us east 2","m-rpr-7rsg-rprtest-01","storage","queues v2","lrs class 1 operations","mtb:cc-cld-requestor:, mtb:cc-cld-provider:, mtb:cc-cld-consumer:1.0146, mtb:app-code:rpr, mtb:rfc-num:rfc0000000, mtb:ssr-num:, mtb:deploy:ado, mtb:cloud:azuseast2, mtb:env:test, mtb:gl:iaas","0","0","USD"
"/subscriptions/a77d73b2-8f9b-4206-bc85-4b2511346e07/resourcegroups/m-rpr-7rsg-rprtest-01/providers/microsoft.storage/storageaccounts/mpim7lrsstestrestrict01","microsoft.storage/storageaccounts","us east 2","m-rpr-7rsg-rprtest-01","storage","tables","batch write operations","mtb:cc-cld-requestor:, mtb:cc-cld-provider:, mtb:cc-cld-consumer:1.0146, mtb:app-code:rpr, mtb:rfc-num:rfc0000000, mtb:ssr-num:, mtb:deploy:ado, mtb:cloud:azuseast2, mtb:env:test, mtb:gl:iaas","0","0","USD"
"/subscriptions/a77d73b2-8f9b-4206-bc85-4b2511346e07/resourcegroups/m-rpr-7rsg-rprtest-01/providers/microsoft.storage/storageaccounts/mpim7lrsstestrestrict01","microsoft.storage/storageaccounts","us east 2","m-rpr-7rsg-rprtest-01","storage","tables","lrs data stored","mtb:cc-cld-requestor:, mtb:cc-cld-consumer:1.0146, mtb:cc-cld-provider:, mtb:app-code:rpr, mtb:ssr-num:, mtb:rfc-num:rfc0000000, mtb:deploy:ado, mtb:cloud:azuseast2, mtb:env:test, mtb:gl:iaas","0","0","USD"
"/subscriptions/a77d73b2-8f9b-4206-bc85-4b2511346e07/resourcegroups/m-rpr-7rsg-rprtest-01/providers/microsoft.storage/storageaccounts/mpim7lrsstestrestrict01","microsoft.storage/storageaccounts","us east 2","m-rpr-7rsg-rprtest-01","storage","tables","read operations","mtb:cc-cld-requestor:, mtb:cc-cld-provider:, mtb:cc-cld-consumer:1.0146, mtb:app-code:rpr, mtb:rfc-num:rfc0000000, mtb:ssr-num:, mtb:deploy:ado, mtb:cloud:azuseast2, mtb:env:test, mtb:gl:iaas","0.000118449927791","0.000118449927791","USD"
"/subscriptions/a77d73b2-8f9b-4206-bc85-4b2511346e07/resourcegroups/m-rpr-7rsg-rprtest-01/providers/microsoft.storage/storageaccounts/mrpr7statestlogs01","microsoft.storage/storageaccounts","us east 2","m-rpr-7rsg-rprtest-01","bandwidth","bandwidth","data transfer in","mtb:cc-cld-requestor:, mtb:cc-cld-provider:, mtb:cc-cld-consumer:1.0146, mtb:app-code:rpr, mtb:rfc-num:rfc0000000, mtb:ssr-num:, mtb:deploy:ado, mtb:cloud:azuseast2, mtb:env:test, mtb:gl:iaas","0","0","USD"
"/subscriptions/a77d73b2-8f9b-4206-bc85-4b2511346e07/resourcegroups/m-rpr-7rsg-rprtest-01/providers/microsoft.storage/storageaccounts/mrpr7statestlogs01","microsoft.storage/storageaccounts","us east 2","m-rpr-7rsg-rprtest-01","bandwidth","bandwidth","data transfer out","mtb:cc-cld-requestor:, mtb:cc-cld-provider:, mtb:cc-cld-consumer:1.0146, mtb:app-code:rpr, mtb:rfc-num:rfc0000000, mtb:ssr-num:, mtb:deploy:ado, mtb:cloud:azuseast2, mtb:env:test, mtb:gl:iaas","0.000687262336336","0.000687262336336","USD"
"/subscriptions/a77d73b2-8f9b-4206-bc85-4b2511346e07/resourcegroups/m-rpr-7rsg-rprtest-01/providers/microsoft.storage/storageaccounts/mrpr7statestlogs01","microsoft.storage/storageaccounts","us east 2","m-rpr-7rsg-rprtest-01","storage","blob storage","all other operations","mtb:cc-cld-requestor:, mtb:cc-cld-consumer:1.0146, mtb:cc-cld-provider:, mtb:app-code:rpr, mtb:rfc-num:rfc0000000, mtb:ssr-num:, mtb:deploy:ado, mtb:cloud:azuseast2, mtb:env:test, mtb:gl:iaas","0.001222730048295","0.001222730048295","USD"
"/subscriptions/a77d73b2-8f9b-4206-bc85-4b2511346e07/resourcegroups/m-rpr-7rsg-rprtest-01/providers/microsoft.storage/storageaccounts/mrpr7statestlogs01","microsoft.storage/storageaccounts","us east 2","m-rpr-7rsg-rprtest-01","storage","blob storage","hot lrs data stored","mtb:cc-cld-requestor:, mtb:cc-cld-consumer:1.0146, mtb:cc-cld-provider:, mtb:app-code:rpr, mtb:rfc-num:rfc0000000, mtb:ssr-num:, mtb:deploy:ado, mtb:cloud:azuseast2, mtb:env:test, mtb:gl:iaas","0.000050601646871","0.000050601646871","USD"
"/subscriptions/a77d73b2-8f9b-4206-bc85-4b2511346e07/resourcegroups/m-rpr-7rsg-rprtest-01/providers/microsoft.storage/storageaccounts/mrpr7statestlogs01","microsoft.storage/storageaccounts","us east 2","m-rpr-7rsg-rprtest-01","storage","blob storage","hot lrs write operations","mtb:cc-cld-requestor:, mtb:cc-cld-provider:, mtb:cc-cld-consumer:1.0146, mtb:app-code:rpr, mtb:rfc-num:rfc0000000, mtb:ssr-num:, mtb:deploy:ado, mtb:cloud:azuseast2, mtb:env:test, mtb:gl:iaas","0.070894426951841","0.070894426951841","USD"
"/subscriptions/a77d73b2-8f9b-4206-bc85-4b2511346e07/resourcegroups/m-rpr-7rsg-rprtest-01/providers/microsoft.storage/storageaccounts/mrpr7statestlogs01","microsoft.storage/storageaccounts","us east 2","m-rpr-7rsg-rprtest-01","storage","blob storage","lrs list and create container operations","mtb:app-code:rpr, mtb:cc-cld-requestor:, mtb:cc-cld-consumer:1.0146, mtb:cc-cld-provider:, mtb:rfc-num:rfc0000000, mtb:ssr-num:, mtb:deploy:ado, mtb:cloud:azuseast2, mtb:env:test, mtb:gl:iaas","0.016151809355694","0.016151809355694","USD"
"/subscriptions/a77d73b2-8f9b-4206-bc85-4b2511346e07/resourcegroups/m-rpr-7rsg-rprtest-01/providers/microsoft.storage/storageaccounts/mrpr7statestlogs01","microsoft.storage/storageaccounts","us east 2","m-rpr-7rsg-rprtest-01","storage","files","list operations","mtb:cc-cld-requestor:, mtb:cc-cld-consumer:1.0146, mtb:cc-cld-provider:, mtb:app-code:rpr, mtb:rfc-num:rfc0000000, mtb:ssr-num:, mtb:deploy:ado, mtb:cloud:azuseast2, mtb:env:test, mtb:gl:iaas","0","0","USD"
"/subscriptions/a77d73b2-8f9b-4206-bc85-4b2511346e07/resourcegroups/m-rpr-7rsg-rprtest-01/providers/microsoft.storage/storageaccounts/mrpr7statestlogs01","microsoft.storage/storageaccounts","us east 2","m-rpr-7rsg-rprtest-01","storage","files","read operations","mtb:cc-cld-requestor:, mtb:cc-cld-provider:, mtb:cc-cld-consumer:1.0146, mtb:app-code:rpr, mtb:rfc-num:rfc0000000, mtb:ssr-num:, mtb:deploy:ado, mtb:cloud:azuseast2, mtb:env:test, mtb:gl:iaas","0.000408199217327","0.000408199217327","USD"
"/subscriptions/a77d73b2-8f9b-4206-bc85-4b2511346e07/resourcegroups/m-rpr-7rsg-rprtest-01/providers/microsoft.storage/storageaccounts/mrpr7statestlogs01","microsoft.storage/storageaccounts","us east 2","m-rpr-7rsg-rprtest-01","storage","queues v2","class 2 operations","mtb:cc-cld-requestor:, mtb:cc-cld-consumer:1.0146, mtb:cc-cld-provider:, mtb:app-code:rpr, mtb:ssr-num:, mtb:rfc-num:rfc0000000, mtb:deploy:ado, mtb:cloud:azuseast2, mtb:env:test, mtb:gl:iaas","0.000831561419243","0.000831561419243","USD"
"/subscriptions/a77d73b2-8f9b-4206-bc85-4b2511346e07/resourcegroups/m-rpr-7rsg-rprtest-01/providers/microsoft.storage/storageaccounts/mrpr7statestlogs01","microsoft.storage/storageaccounts","us east 2","m-rpr-7rsg-rprtest-01","storage","queues v2","lrs class 1 operations","mtb:cc-cld-requestor:, mtb:cc-cld-provider:, mtb:cc-cld-consumer:1.0146, mtb:app-code:rpr, mtb:ssr-num:, mtb:rfc-num:rfc0000000, mtb:deploy:ado, mtb:cloud:azuseast2, mtb:env:test, mtb:gl:iaas","0","0","USD"
"/subscriptions/a77d73b2-8f9b-4206-bc85-4b2511346e07/resourcegroups/m-rpr-7rsg-rprtest-01/providers/microsoft.storage/storageaccounts/mrpr7statestlogs01","microsoft.storage/storageaccounts","us east 2","m-rpr-7rsg-rprtest-01","storage","tables","batch write operations","mtb:cc-cld-requestor:, mtb:cc-cld-consumer:1.0146, mtb:cc-cld-provider:, mtb:app-code:rpr, mtb:ssr-num:, mtb:rfc-num:rfc0000000, mtb:deploy:ado, mtb:cloud:azuseast2, mtb:env:test, mtb:gl:iaas","0","0","USD"
"/subscriptions/a77d73b2-8f9b-4206-bc85-4b2511346e07/resourcegroups/m-rpr-7rsg-rprtest-01/providers/microsoft.storage/storageaccounts/mrpr7statestlogs01","microsoft.storage/storageaccounts","us east 2","m-rpr-7rsg-rprtest-01","storage","tables","lrs data stored","mtb:cc-cld-requestor:, mtb:cc-cld-consumer:1.0146, mtb:cc-cld-provider:, mtb:app-code:rpr, mtb:rfc-num:rfc0000000, mtb:ssr-num:, mtb:deploy:ado, mtb:cloud:azuseast2, mtb:env:test, mtb:gl:iaas","0","0","USD"
"/subscriptions/a77d73b2-8f9b-4206-bc85-4b2511346e07/resourcegroups/m-rpr-7rsg-rprtest-01/providers/microsoft.storage/storageaccounts/mrpr7statestlogs01","microsoft.storage/storageaccounts","us east 2","m-rpr-7rsg-rprtest-01","storage","tables","read operations","mtb:cc-cld-requestor:, mtb:cc-cld-provider:, mtb:cc-cld-consumer:1.0146, mtb:app-code:rpr, mtb:rfc-num:rfc0000000, mtb:ssr-num:, mtb:deploy:ado, mtb:cloud:azuseast2, mtb:env:test, mtb:gl:iaas","0.000118871707951","0.000118871707951","USD"
