/subscriptions/a77d73b2-8f9b-4206-bc85-4b2511346e07/resourcegroups/m-rpr-7rsg-rprtest-01/providers/microsoft.compute/disks/disk1,microsoft.compute/disks,us east 2,m-rpr-7rsg-rprtest-01,storage,standard hdd managed disks,disk operations,"mtb:app-code:rpr, mtb:cc-cld-requestor:, mtb:cc-cld-consumer:1.0146, mtb:cc-cld-provider:, mtb:ssr-num:, mtb:rfc-num:rfc0000000, mtb:deploy:manual, mtb:cloud:azuseast2, mtb:env:test, mtb:gl:iaas",0.000456062956445,0.000456062956445.1,USD
/subscriptions/a77d73b2-8f9b-4206-bc85-4b2511346e07/resourcegroups/m-rpr-7rsg-rprtest-01/providers/microsoft.compute/disks/disk1,microsoft.compute/disks,us east 2,m-rpr-7rsg-rprtest-01,storage,standard hdd managed disks,s10 disks,"mtb:cc-cld-requestor:, mtb:cc-cld-consumer:1.0146, mtb:cc-cld-provider:, mtb:app-code:rpr, mtb:ssr-num:, mtb:rfc-num:rfc0000000, mtb:deploy:manual, mtb:cloud:azuseast2, mtb:env:test, mtb:gl:iaas",2.1573107119810717,2.1573107119810717,USD
/subscriptions/a77d73b2-8f9b-4206-bc85-4b2511346e07/resourcegroups/m-rpr-7rsg-rprtest-01/providers/microsoft.compute/disks/disk2,microsoft.compute/disks,us east 2,m-rpr-7rsg-rprtest-01,storage,standard hdd managed disks,disk operations,"mtb:app-code:rpr, mtb:cc-cld-requestor:, mtb:cc-cld-consumer:1.0146, mtb:cc-cld-provider:, mtb:ssr-num:, mtb:rfc-num:rfc0000000, mtb:deploy:manual, mtb:cloud:azuseast2, mtb:env:test, mtb:gl:iaas",0.00297964795503,0.00297964795503,USD
/subscriptions/a77d73b2-8f9b-4206-bc85-4b2511346e07/resourcegroups/m-rpr-7rsg-rprtest-01/providers/microsoft.compute/disks/disk2,microsoft.compute/disks,us east 2,m-rpr-7rsg-rprtest-01,storage,standard hdd managed disks,s6 disks,"mtb:app-code:rpr, mtb:cc-cld-requestor:, mtb:cc-cld-consumer:1.0146, mtb:cc-cld-provider:, mtb:rfc-num:rfc0000000, mtb:ssr-num:, mtb:deploy:manual, mtb:cloud:azuseast2, mtb:env:test, mtb:gl:iaas",1.1006164014027557,1.1006164014027557,USD
/subscriptions/a77d73b2-8f9b-4206-bc85-4b2511346e07/resourcegroups/m-rpr-7rsg-rprtest-01/providers/microsoft.compute/disks/disk3,microsoft.compute/disks,us east 2,m-rpr-7rsg-rprtest-01,storage,standard hdd managed disks,disk operations,"mtb:app-code:rpr, mtb:cc-cld-requestor:, mtb:cc-cld-consumer:1.0146, mtb:cc-cld-provider:, mtb:ssr-num:, mtb:rfc-num:rfc0000000, mtb:deploy:manual, mtb:cloud:azuseast2, mtb:env:test, mtb:gl:iaas",0.000569828880176,0.000569828880176,USD
/subscriptions/a77d73b2-8f9b-4206-bc85-4b2511346e07/resourcegroups/m-rpr-7rsg-rprtest-01/providers/microsoft.compute/disks/disk3,microsoft.compute/disks,us east 2,m-rpr-7rsg-rprtest-01,storage,standard hdd managed disks,s20 disks,"mtb:cc-cld-requestor:, mtb:cc-cld-provider:, mtb:cc-cld-consumer:1.0146, mtb:app-code:rpr, mtb:rfc-num:rfc0000000, mtb:ssr-num:, mtb:deploy:manual, mtb:cloud:azuseast2, mtb:env:test, mtb:gl:iaas",7.981071428571433,7.981071428571433,USD
/subscriptions/a77d73b2-8f9b-4206-bc85-4b2511346e07/resourcegroups/m-rpr-7rsg-rprtest-01/providers/microsoft.compute/disks/disk4,microsoft.compute/disks,us east 2,m-rpr-7rsg-rprtest-01,storage,standard hdd managed disks,disk operations,"mtb:cc-cld-requestor:, mtb:cc-cld-consumer:1.0146, mtb:cc-cld-provider:, mtb:app-code:rpr, mtb:ssr-num:, mtb:rfc-num:rfc0000000, mtb:deploy:manual, mtb:cloud:azuseast2, mtb:env:test, mtb:gl:iaas",0.0008713560429889999,0.0008713560429889999,USD
/subscriptions/a77d73b2-8f9b-4206-bc85-4b2511346e07/resourcegroups/m-rpr-7rsg-rprtest-01/providers/microsoft.compute/disks/disk4,microsoft.compute/disks,us east 2,m-rpr-7rsg-rprtest-01,storage,standard hdd managed disks,s40 disks,"mtb:cc-cld-consumer:1.0146, mtb:app-code:rpr, mtb:deploy:manual, mtb:cc-cld-requestor:, mtb:cc-cld-provider:, mtb:cloud:azuseast2, mtb:env:test, mtb:gl:iaas, mtb:ssr-num:, mtb:rfc-num:rfc0000000",30.056515580736548,30.056515580736548,USD
/subscriptions/a77d73b2-8f9b-4206-bc85-4b2511346e07/resourcegroups/m-rpr-7rsg-rprtest-01/providers/microsoft.compute/disks/disk5,microsoft.compute/disks,us east 2,m-rpr-7rsg-rprtest-01,storage,standard hdd managed disks,disk operations,"mtb:cc-cld-requestor:, mtb:cc-cld-consumer:1.0146, mtb:cc-cld-provider:, mtb:app-code:rpr, mtb:rfc-num:rfc0000000, mtb:ssr-num:, mtb:deploy:manual, mtb:cloud:azuseast2, mtb:env:test, mtb:gl:iaas",0.000455563325686,0.000455563325686,USD
/subscriptions/a77d73b2-8f9b-4206-bc85-4b2511346e07/resourcegroups/m-rpr-7rsg-rprtest-01/providers/microsoft.compute/disks/disk5,microsoft.compute/disks,us east 2,m-rpr-7rsg-rprtest-01,storage,standard hdd managed disks,s10 disks,"mtb:app-code:rpr, mtb:cc-cld-requestor:, mtb:cc-cld-consumer:1.0146, mtb:cc-cld-provider:, mtb:rfc-num:rfc0000000, mtb:ssr-num:, mtb:deploy:manual, mtb:cloud:azuseast2, mtb:env:test, mtb:gl:iaas",2.1573107119810717,2.1573107119810717,USD
/subscriptions/a77d73b2-8f9b-4206-bc85-4b2511346e07/resourcegroups/m-rpr-7rsg-rprtest-01/providers/microsoft.compute/disks/disk6,microsoft.compute/disks,us east 2,m-rpr-7rsg-rprtest-01,storage,standard hdd managed disks,disk operations,"mtb:cc-cld-requestor:, mtb:cc-cld-consumer:1.0146, mtb:cc-cld-provider:, mtb:app-code:rpr, mtb:rfc-num:rfc0000000, mtb:ssr-num:, mtb:deploy:manual, mtb:cloud:azuseast2, mtb:env:test, mtb:gl:iaas",0.00047604818679000005,0.00047604818679000005,USD
/subscriptions/a77d73b2-8f9b-4206-bc85-4b2511346e07/resourcegroups/m-rpr-7rsg-rprtest-01/providers/microsoft.compute/disks/disk6,microsoft.compute/disks,us east 2,m-rpr-7rsg-rprtest-01,storage,standard hdd managed disks,s10 disks,"mtb:cc-cld-requestor:, mtb:cc-cld-provider:, mtb:cc-cld-consumer:1.0146, mtb:app-code:rpr, mtb:rfc-num:rfc0000000, mtb:ssr-num:, mtb:deploy:manual, mtb:cloud:azuseast2, mtb:env:test, mtb:gl:iaas",2.1573107119810717,2.1573107119810717,USD
/subscriptions/a77d73b2-8f9b-4206-bc85-4b2511346e07/resourcegroups/m-rpr-7rsg-rprtest-01/providers/microsoft.compute/disks/disk7,microsoft.compute/disks,us east 2,m-rpr-7rsg-rprtest-01,storage,standard hdd managed disks,disk operations,"mtb:cc-cld-requestor:, mtb:cc-cld-provider:, mtb:cc-cld-consumer:1.0146, mtb:app-code:rpr, mtb:rfc-num:rfc0000000, mtb:ssr-num:, mtb:deploy:manual, mtb:cloud:azuseast2, mtb:env:test, mtb:gl:iaas",0.0004440218551619999,0.0004440218551619999,USD
/subscriptions/a77d73b2-8f9b-4206-bc85-4b2511346e07/resourcegroups/m-rpr-7rsg-rprtest-01/providers/microsoft.compute/disks/disk7,microsoft.compute/disks,us east 2,m-rpr-7rsg-rprtest-01,storage,standard hdd managed disks,s6 disks,"mtb:app-code:rpr, mtb:cc-cld-requestor:, mtb:cc-cld-consumer:1.0146, mtb:cc-cld-provider:, mtb:rfc-num:rfc0000000, mtb:ssr-num:, mtb:deploy:manual, mtb:cloud:azuseast2, mtb:env:test, mtb:gl:iaas",1.1006164014027557,1.1006164014027557,USD
/subscriptions/a77d73b2-8f9b-4206-bc85-4b2511346e07/resourcegroups/m-rpr-7rsg-rprtest-01/providers/microsoft.compute/disks/disk8,microsoft.compute/disks,us east 2,m-rpr-7rsg-rprtest-01,storage,standard hdd managed disks,disk operations,"mtb:cc-cld-requestor:, mtb:cc-cld-provider:, mtb:cc-cld-consumer:1.0146, mtb:app-code:rpr, mtb:ssr-num:, mtb:rfc-num:rfc0000000, mtb:deploy:manual, mtb:cloud:azuseast2, mtb:env:test, mtb:gl:iaas",0.000444721338225,0.000444721338225,USD
/subscriptions/a77d73b2-8f9b-4206-bc85-4b2511346e07/resourcegroups/m-rpr-7rsg-rprtest-01/providers/microsoft.compute/disks/disk8,microsoft.compute/disks,us east 2,m-rpr-7rsg-rprtest-01,storage,standard hdd managed disks,s6 disks,"mtb:cc-cld-requestor:, mtb:cc-cld-provider:, mtb:cc-cld-consumer:1.0146, mtb:app-code:rpr, mtb:rfc-num:rfc0000000, mtb:ssr-num:, mtb:deploy:manual, mtb:cloud:azuseast2, mtb:env:test, mtb:gl:iaas",1.1006164014027557,1.1006164014027557,USD
/subscriptions/a77d73b2-8f9b-4206-bc85-4b2511346e07/resourcegroups/m-rpr-7rsg-rprtest-01/providers/microsoft.compute/disks/mrpr6vmwdb01_osdisk_1_6b280088c0b648ce9b2e2923112b351c,microsoft.compute/disks,us east 2,m-rpr-7rsg-rprtest-01,storage,standard hdd managed disks,disk operations,"mtb:cc-cld-requestor:, mtb:cc-cld-consumer:1.0146, mtb:cc-cld-provider:, mtb:app-code:rpr, mtb:rfc-num:rfc0000000, mtb:ssr-num:, mtb:deploy:manual, mtb:cloud:azuseast2, mtb:env:test, mtb:gl:iaas",0.24926643498264997,0.24926643498264997,USD
/subscriptions/a77d73b2-8f9b-4206-bc85-4b2511346e07/resourcegroups/m-rpr-7rsg-rprtest-01/providers/microsoft.compute/disks/mrpr6vmwdb01_osdisk_1_6b280088c0b648ce9b2e2923112b351c,microsoft.compute/disks,us east 2,m-rpr-7rsg-rprtest-01,storage,standard hdd managed disks,s10 disks,"mtb:cc-cld-requestor:, mtb:cc-cld-provider:, mtb:cc-cld-consumer:1.0146, mtb:app-code:rpr, mtb:ssr-num:, mtb:rfc-num:rfc0000000, mtb:deploy:manual, mtb:cloud:azuseast2, mtb:env:test, mtb:gl:iaas",2.1573107119810717,2.1573107119810717,USD
/subscriptions/a77d73b2-8f9b-4206-bc85-4b2511346e07/resourcegroups/m-rpr-7rsg-rprtest-01/providers/microsoft.compute/disks/mrpr6vmwweb01_osdisk_1_af63230eb8b944949d670725b03da615,microsoft.compute/disks,us east 2,m-rpr-7rsg-rprtest-01,storage,standard hdd managed disks,disk operations,"mtb:app-code:rpr, mtb:cc-cld-requestor:, mtb:cc-cld-consumer:1.0146, mtb:cc-cld-provider:, mtb:ssr-num:, mtb:rfc-num:rfc0000000, mtb:deploy:manual, mtb:cloud:azuseast2, mtb:env:test, mtb:gl:iaas",0.245406187815599,0.245406187815599,USD
/subscriptions/a77d73b2-8f9b-4206-bc85-4b2511346e07/resourcegroups/m-rpr-7rsg-rprtest-01/providers/microsoft.compute/disks/mrpr6vmwweb01_osdisk_1_af63230eb8b944949d670725b03da615,microsoft.compute/disks,us east 2,m-rpr-7rsg-rprtest-01,storage,standard hdd managed disks,s10 disks,"mtb:app-code:rpr, mtb:cc-cld-requestor:, mtb:cc-cld-consumer:1.0146, mtb:cc-cld-provider:, mtb:rfc-num:rfc0000000, mtb:ssr-num:, mtb:deploy:manual, mtb:cloud:azuseast2, mtb:env:test, mtb:gl:iaas",2.1573107119810717,2.1573107119810717,USD
/subscriptions/a77d73b2-8f9b-4206-bc85-4b2511346e07/resourcegroups/m-rpr-7rsg-rprtest-01/providers/microsoft.compute/disks/mrpr6wmwweb01_datadisk0,microsoft.compute/disks,us east 2,m-rpr-7rsg-rprtest-01,storage,standard hdd managed disks,disk operations,"mtb:cc-cld-requestor:, mtb:cc-cld-provider:, mtb:cc-cld-consumer:1.0146, mtb:app-code:rpr, mtb:ssr-num:, mtb:rfc-num:rfc0000000, mtb:deploy:manual, mtb:cloud:azuseast2, mtb:env:test, mtb:gl:iaas",0.000522413921186,0.000522413921186,USD
/subscriptions/a77d73b2-8f9b-4206-bc85-4b2511346e07/resourcegroups/m-rpr-7rsg-rprtest-01/providers/microsoft.compute/disks/mrpr6wmwweb01_datadisk0,microsoft.compute/disks,us east 2,m-rpr-7rsg-rprtest-01,storage,standard hdd managed disks,s10 disks,"mtb:app-code:rpr, mtb:cc-cld-requestor:, mtb:cc-cld-consumer:1.0146, mtb:cc-cld-provider:, mtb:ssr-num:, mtb:rfc-num:rfc0000000, mtb:deploy:manual, mtb:cloud:azuseast2, mtb:env:test, mtb:gl:iaas",2.1573107119810717,2.1573107119810717,USD
/subscriptions/a77d73b2-8f9b-4206-bc85-4b2511346e07/resourcegroups/m-rpr-7rsg-rprtest-01/providers/microsoft.compute/disks/mrpr6wmwweb01_datadisk1,microsoft.compute/disks,us east 2,m-rpr-7rsg-rprtest-01,storage,standard hdd managed disks,disk operations,"mtb:app-code:rpr, mtb:cc-cld-requestor:, mtb:cc-cld-consumer:1.0146, mtb:cc-cld-provider:, mtb:rfc-num:rfc0000000, mtb:ssr-num:, mtb:deploy:manual, mtb:cloud:azuseast2, mtb:env:test, mtb:gl:iaas",0.000494534524857,0.000494534524857,USD
/subscriptions/a77d73b2-8f9b-4206-bc85-4b2511346e07/resourcegroups/m-rpr-7rsg-rprtest-01/providers/microsoft.compute/disks/mrpr6wmwweb01_datadisk1,microsoft.compute/disks,us east 2,m-rpr-7rsg-rprtest-01,storage,standard hdd managed disks,s10 disks,"mtb:cc-cld-requestor:, mtb:cc-cld-consumer:1.0146, mtb:cc-cld-provider:, mtb:app-code:rpr, mtb:rfc-num:rfc0000000, mtb:ssr-num:, mtb:deploy:manual, mtb:cloud:azuseast2, mtb:env:test, mtb:gl:iaas",2.1573107119810717,2.1573107119810717,USD
/subscriptions/a77d73b2-8f9b-4206-bc85-4b2511346e07/resourcegroups/m-rpr-7rsg-rprtest-01/providers/microsoft.compute/disks/rpr-test2_osdisk_1_3cc4539a98db4d449edab6e53df32703,microsoft.compute/disks,us east 2,m-rpr-7rsg-rprtest-01,storage,standard ssd managed disks,disk operations,"mtb:cc-cld-requestor:, mtb:cc-cld-provider:, mtb:cc-cld-consumer:1.0146, mtb:app-code:rpr, mtb:ssr-num:, mtb:rfc-num:rfc0000000, mtb:deploy:manual, mtb:cloud:azuseast2, mtb:env:test, mtb:gl:iaas",0.37122707942217104,0.37122707942217104,USD
/subscriptions/a77d73b2-8f9b-4206-bc85-4b2511346e07/resourcegroups/m-rpr-7rsg-rprtest-01/providers/microsoft.compute/disks/rpr-test2_osdisk_1_3cc4539a98db4d449edab6e53df32703,microsoft.compute/disks,us east 2,m-rpr-7rsg-rprtest-01,storage,standard ssd managed disks,e10 disks,"mtb:cc-cld-requestor:, mtb:cc-cld-consumer:1.0146, mtb:cc-cld-provider:, mtb:app-code:rpr, mtb:ssr-num:, mtb:rfc-num:rfc0000000, mtb:deploy:manual, mtb:cloud:azuseast2, mtb:env:test, mtb:gl:iaas",3.5328571428571465,3.5328571428571465,USD
/subscriptions/a77d73b2-8f9b-4206-bc85-4b2511346e07/resourcegroups/m-rpr-7rsg-rprtest-01/providers/microsoft.compute/virtualmachines/mrpr6vmwdb01,microsoft.compute/virtualmachines,us east 2,m-rpr-7rsg-rprtest-01,bandwidth,bandwidth,data transfer out,"mtb:app-code:rpr, mtb:cc-cld-requestor:, mtb:cc-cld-provider:, mtb:cc-cld-consumer:1.0146, mtb:rfc-num:rfc0000000, mtb:ssr-num:, mtb:deploy:manual, mtb:cloud:azuseast2, mtb:env:test, mtb:gl:iaas, mtb:deploy:ado",7.385422512e-06,7.385422512e-06,USD
/subscriptions/a77d73b2-8f9b-4206-bc85-4b2511346e07/resourcegroups/m-rpr-7rsg-rprtest-01/providers/microsoft.compute/virtualmachines/mrpr6vmwdb01,microsoft.compute/virtualmachines,us east 2,m-rpr-7rsg-rprtest-01,bandwidth,bandwidth inter-region,data transfer out,mtb:app-code:rpr,3.0507395e-08,3.0507395e-08,USD
/subscriptions/a77d73b2-8f9b-4206-bc85-4b2511346e07/resourcegroups/m-rpr-7rsg-rprtest-01/providers/microsoft.compute/virtualmachines/mrpr6vmwdb01,microsoft.compute/virtualmachines,us east 2,m-rpr-7rsg-rprtest-01,virtual machines,dv2 series vm,d11 v2/ds11 v2,"mtb:cc-cld-requestor:, mtb:cc-cld-provider:, mtb:cc-cld-consumer:1.0146, mtb:app-code:rpr, mtb:rfc-num:rfc0000000, mtb:ssr-num:, mtb:deploy:manual, mtb:cloud:azuseast2, mtb:env:test, mtb:gl:iaas, mtb:deploy:ado",40.51683214555714,40.51683214555714,USD
/subscriptions/a77d73b2-8f9b-4206-bc85-4b2511346e07/resourcegroups/m-rpr-7rsg-rprtest-01/providers/microsoft.compute/virtualmachines/mrpr6vmwdb01,microsoft.compute/virtualmachines,us east 2,m-rpr-7rsg-rprtest-01,virtual network,virtual network peering,egress,"mtb:app-code:rpr, mtb:cc-cld-requestor:, mtb:cc-cld-provider:, mtb:cc-cld-consumer:1.0146, mtb:ssr-num:, mtb:rfc-num:rfc0000000, mtb:deploy:manual, mtb:cloud:azuseast2, mtb:env:test, mtb:gl:iaas, mtb:deploy:ado",0.021716827633084,0.021716827633084,USD
/subscriptions/a77d73b2-8f9b-4206-bc85-4b2511346e07/resourcegroups/m-rpr-7rsg-rprtest-01/providers/microsoft.compute/virtualmachines/mrpr6vmwdb01,microsoft.compute/virtualmachines,us east 2,m-rpr-7rsg-rprtest-01,virtual network,virtual network peering,ingress,"mtb:app-code:rpr, mtb:cc-cld-requestor:, mtb:cc-cld-consumer:1.0146, mtb:cc-cld-provider:, mtb:rfc-num:rfc0000000, mtb:ssr-num:, mtb:deploy:manual, mtb:cloud:azuseast2, mtb:env:test, mtb:gl:iaas, mtb:deploy:ado",0.00603244680938,0.00603244680938,USD
/subscriptions/a77d73b2-8f9b-4206-bc85-4b2511346e07/resourcegroups/m-rpr-7rsg-rprtest-01/providers/microsoft.compute/virtualmachines/mrpr6vmwweb01,microsoft.compute/virtualmachines,us east 2,m-rpr-7rsg-rprtest-01,bandwidth,bandwidth,data transfer out,"mtb:app-code:rpr, mtb:cc-cld-requestor:, mtb:cc-cld-consumer:1.0146, mtb:cc-cld-provider:, mtb:rfc-num:rfc0000000, mtb:ssr-num:, mtb:deploy:manual, mtb:cloud:azuseast2, mtb:env:test, mtb:gl:iaas, mtb:deploy:ado",5.713251378e-06,5.713251378e-06,USD
/subscriptions/a77d73b2-8f9b-4206-bc85-4b2511346e07/resourcegroups/m-rpr-7rsg-rprtest-01/providers/microsoft.compute/virtualmachines/mrpr6vmwweb01,microsoft.compute/virtualmachines,us east 2,m-rpr-7rsg-rprtest-01,bandwidth,bandwidth inter-region,data transfer out,"mtb:app-code:rpr, mtb:cc-cld-requestor:, mtb:cc-cld-provider:, mtb:cc-cld-consumer:1.0146, mtb:rfc-num:rfc0000000, mtb:ssr-num:, mtb:deploy:manual, mtb:cloud:azuseast2, mtb:env:test, mtb:gl:iaas",9.6098295e-07,9.6098295e-07,USD
/subscriptions/a77d73b2-8f9b-4206-bc85-4b2511346e07/resourcegroups/m-rpr-7rsg-rprtest-01/providers/microsoft.compute/virtualmachines/mrpr6vmwweb01,microsoft.compute/virtualmachines,us east 2,m-rpr-7rsg-rprtest-01,virtual machines,fsv2 series vm,f4s v2,"mtb:app-code:rpr, mtb:cc-cld-requestor:, mtb:cc-cld-provider:, mtb:cc-cld-consumer:1.0146, mtb:rfc-num:rfc0000000, mtb:ssr-num:, mtb:deploy:manual, mtb:cloud:azuseast2, mtb:env:test, mtb:gl:iaas, mtb:deploy:ado",46.129661140668745,46.129661140668745,USD
/subscriptions/a77d73b2-8f9b-4206-bc85-4b2511346e07/resourcegroups/m-rpr-7rsg-rprtest-01/providers/microsoft.compute/virtualmachines/mrpr6vmwweb01,microsoft.compute/virtualmachines,us east 2,m-rpr-7rsg-rprtest-01,virtual network,virtual network peering,egress,"mtb:cc-cld-requestor:, mtb:cc-cld-consumer:1.0146, mtb:cc-cld-provider:, mtb:app-code:rpr, mtb:rfc-num:rfc0000000, mtb:ssr-num:, mtb:deploy:manual, mtb:cloud:azuseast2, mtb:env:test, mtb:gl:iaas, mtb:deploy:ado",0.022871994652385,0.022871994652385,USD
/subscriptions/a77d73b2-8f9b-4206-bc85-4b2511346e07/resourcegroups/m-rpr-7rsg-rprtest-01/providers/microsoft.compute/virtualmachines/mrpr6vmwweb01,microsoft.compute/virtualmachines,us east 2,m-rpr-7rsg-rprtest-01,virtual network,virtual network peering,ingress,"mtb:app-code:rpr, mtb:cc-cld-requestor:, mtb:cc-cld-consumer:1.0146, mtb:cc-cld-provider:, mtb:ssr-num:, mtb:rfc-num:rfc0000000, mtb:deploy:manual, mtb:cloud:azuseast2, mtb:env:test, mtb:gl:iaas, mtb:deploy:ado",0.006915999142864999,0.006915999142864999,USD
/subscriptions/a77d73b2-8f9b-4206-bc85-4b2511346e07/resourcegroups/m-rpr-7rsg-rprtest-01/providers/microsoft.compute/virtualmachines/mrpr6vmwweb01,microsoft.compute/virtualmachines,us east 2,m-rpr-7rsg-rprtest-01,virtual network,virtual network private link,data processed - egress,"mtb:cc-cld-requestor:, mtb:cc-cld-consumer:1.0146, mtb:cc-cld-provider:, mtb:app-code:rpr, mtb:ssr-num:, mtb:rfc-num:rfc0000000, mtb:deploy:manual, mtb:cloud:azuseast2, mtb:env:test, mtb:gl:iaas",0.0,0.0,USD
/subscriptions/a77d73b2-8f9b-4206-bc85-4b2511346e07/resourcegroups/m-rpr-7rsg-rprtest-01/providers/microsoft.compute/virtualmachines/mrpr6vmwweb01,microsoft.compute/virtualmachines,us east 2,m-rpr-7rsg-rprtest-01,virtual network,virtual network private link,data processed - ingress,"mtb:cc-cld-requestor:, mtb:cc-cld-consumer:1.0146, mtb:cc-cld-provider:, mtb:app-code:rpr, mtb:ssr-num:, mtb:rfc-num:rfc0000000, mtb:deploy:manual, mtb:cloud:azuseast2, mtb:env:test, mtb:gl:iaas",0.0,0.0,USD
/subscriptions/a77d73b2-8f9b-4206-bc85-4b2511346e07/resourcegroups/m-rpr-7rsg-rprtest-01/providers/microsoft.compute/virtualmachines/rpr-test2,microsoft.compute/virtualmachines,us east 2,m-rpr-7rsg-rprtest-01,bandwidth,bandwidth,data transfer out,"mtb:cc-cld-requestor:, mtb:cc-cld-provider:, mtb:cc-cld-consumer:1.0146, mtb:app-code:rpr, mtb:ssr-num:, mtb:rfc-num:rfc0000000, mtb:deploy:manual, mtb:cloud:azuseast2, mtb:env:test, mtb:gl:iaas, mtb:deploy:ado",4.0689497609999995e-05,4.0689497609999995e-05,USD
/subscriptions/a77d73b2-8f9b-4206-bc85-4b2511346e07/resourcegroups/m-rpr-7rsg-rprtest-01/providers/microsoft.compute/virtualmachines/rpr-test2,microsoft.compute/virtualmachines,us east 2,m-rpr-7rsg-rprtest-01,bandwidth,bandwidth inter-region,data transfer out,"mtb:app-code:rpr, mtb:cc-cld-requestor:, mtb:cc-cld-consumer:1.0146, mtb:cc-cld-provider:, mtb:rfc-num:rfc0000000, mtb:ssr-num:, mtb:deploy:manual, mtb:cloud:azuseast2, mtb:env:test, mtb:gl:iaas, mtb:deploy:ado",0.000140181480866,0.000140181480866,USD
/subscriptions/a77d73b2-8f9b-4206-bc85-4b2511346e07/resourcegroups/m-rpr-7rsg-rprtest-01/providers/microsoft.compute/virtualmachines/rpr-test2,microsoft.compute/virtualmachines,intercontinental,m-rpr-7rsg-rprtest-01,bandwidth,bandwidth inter-region,data transfer out - nam or eu to any,"mtb:cc-cld-requestor:, mtb:cc-cld-provider:, mtb:cc-cld-consumer:1.0146, mtb:app-code:rpr, mtb:rfc-num:rfc0000000, mtb:ssr-num:, mtb:deploy:manual, mtb:cloud:azuseast2, mtb:env:test, mtb:gl:iaas, mtb:deploy:ado",0.0,0.0,USD
/subscriptions/a77d73b2-8f9b-4206-bc85-4b2511346e07/resourcegroups/m-rpr-7rsg-rprtest-01/providers/microsoft.compute/virtualmachines/rpr-test2,microsoft.compute/virtualmachines,us east 2,m-rpr-7rsg-rprtest-01,virtual machines,ev3 series vm,e2 v3/e2s v3,"mtb:cc-cld-requestor:, mtb:cc-cld-consumer:1.0146, mtb:cc-cld-provider:, mtb:app-code:rpr, mtb:ssr-num:, mtb:rfc-num:rfc0000000, mtb:deploy:manual, mtb:cloud:azuseast2, mtb:env:test, mtb:gl:iaas, mtb:deploy:ado",36.165178982780375,36.165178982780375,USD
/subscriptions/a77d73b2-8f9b-4206-bc85-4b2511346e07/resourcegroups/m-rpr-7rsg-rprtest-01/providers/microsoft.compute/virtualmachines/rpr-test2,microsoft.compute/virtualmachines,us east 2,m-rpr-7rsg-rprtest-01,virtual network,virtual network peering,egress,"mtb:app-code:rpr, mtb:cc-cld-requestor:, mtb:cc-cld-provider:, mtb:cc-cld-consumer:1.0146, mtb:rfc-num:rfc0000000, mtb:ssr-num:, mtb:deploy:manual, mtb:cloud:azuseast2, mtb:env:test, mtb:gl:iaas, mtb:deploy:ado",3.345013108e-06,3.345013108e-06,USD
/subscriptions/a77d73b2-8f9b-4206-bc85-4b2511346e07/resourcegroups/m-rpr-7rsg-rprtest-01/providers/microsoft.compute/virtualmachines/rpr-test2,microsoft.compute/virtualmachines,us east 2,m-rpr-7rsg-rprtest-01,virtual network,virtual network peering,ingress,"mtb:cc-cld-requestor:, mtb:cc-cld-consumer:1.0146, mtb:cc-cld-provider:, mtb:app-code:rpr, mtb:ssr-num:, mtb:rfc-num:rfc0000000, mtb:deploy:manual, mtb:cloud:azuseast2, mtb:env:test, mtb:gl:iaas, mtb:deploy:ado",1.1963902187999999e-05,1.1963902187999999e-05,USD
/subscriptions/a77d73b2-8f9b-4206-bc85-4b2511346e07/resourcegroups/m-rpr-7rsg-rprtest-01/providers/microsoft.keyvault/vaults/m-rpr-7akv-rprtest-01,microsoft.keyvault/vaults,us east 2,m-rpr-7rsg-rprtest-01,key vault,key vault,operations,"mtb:cc-cld-requestor:, mtb:cc-cld-provider:, mtb:cc-cld-consumer:1.0146, mtb:app-code:rpr, mtb:rfc-num:rfc0000000, mtb:ssr-num:, mtb:deploy:ado, mtb:cloud:azuseast2, mtb:env:test, mtb:gl:paas",0.017864394177698997,0.017864394177698997,USD
/subscriptions/a77d73b2-8f9b-4206-bc85-4b2511346e07/resourcegroups/m-rpr-7rsg-rprtest-01/providers/microsoft.network/networksecuritygroups/m-fwp-7nsg-testrestricted-mssql-01,microsoft.network/networksecuritygroups,us east 2,m-rpr-7rsg-rprtest-01,network watcher,network watcher,traffic analytics processing,"mtb:cc-cld-requestor:, mtb:cc-cld-consumer:1.0146, mtb:cc-cld-provider:, mtb:app-code:rpr, mtb:rfc-num:rfc0000000, mtb:ssr-num:, mtb:deploy:ado, mtb:cloud:azuseast2, mtb:env:test, mtb:gl:paas",0.056686673446247,0.056686673446247,USD
/subscriptions/a77d73b2-8f9b-4206-bc85-4b2511346e07/resourcegroups/m-rpr-7rsg-rprtest-01/providers/microsoft.network/networksecuritygroups/m-fwp-7nsg-testrestricted-web-01,microsoft.network/networksecuritygroups,us east 2,m-rpr-7rsg-rprtest-01,network watcher,network watcher,traffic analytics processing,"mtb:app-code:rpr, mtb:cc-cld-requestor:, mtb:cc-cld-consumer:1.0146, mtb:cc-cld-provider:, mtb:ssr-num:, mtb:rfc-num:rfc0000000, mtb:deploy:ado, mtb:cloud:azuseast2, mtb:env:test, mtb:gl:paas",0.05820450379168799,0.05820450379168799,USD
/subscriptions/a77d73b2-8f9b-4206-bc85-4b2511346e07/resourcegroups/m-rpr-7rsg-rprtest-01/providers/microsoft.network/privatednszones/privatelink.blob.core.windows.net,microsoft.network/privatednszones,unknown,m-rpr-7rsg-rprtest-01,azure dns,azure dns,private zones,,0.18356120066592801,0.18356120066592801,USD
/subscriptions/a77d73b2-8f9b-4206-bc85-4b2511346e07/resourcegroups/m-rpr-7rsg-rprtest-01/providers/microsoft.network/privatednszones/privatelink.vaultcore.azure.net,microsoft.network/privatednszones,unknown,m-rpr-7rsg-rprtest-01,azure dns,azure dns,private zones,,0.18356120066592801,0.18356120066592801,USD
/subscriptions/a77d73b2-8f9b-4206-bc85-4b2511346e07/resourcegroups/m-rpr-7rsg-rprtest-01/providers/microsoft.network/privateendpoints/m-rpr-6pep-keyvault-01,microsoft.network/privateendpoints,us east 2,m-rpr-7rsg-rprtest-01,virtual network,virtual network private link,private endpoint,"mtb:app-code:rpr, mtb:cc-cld-requestor:, mtb:cc-cld-provider:, mtb:cc-cld-consumer:1.0146, mtb:rfc-num:rfc0000000, mtb:ssr-num:, mtb:deploy:ado, mtb:cloud:azuseast2, mtb:env:test, mtb:gl:paas, mtb:gl:iaas",2.7292998979763667,2.7292998979763667,USD
/subscriptions/a77d73b2-8f9b-4206-bc85-4b2511346e07/resourcegroups/m-rpr-7rsg-rprtest-01/providers/microsoft.network/privateendpoints/mrpr6pepstorage01,microsoft.network/privateendpoints,us east 2,m-rpr-7rsg-rprtest-01,virtual network,virtual network private link,private endpoint,"mtb:app-code:rpr, mtb:cc-cld-requestor:, mtb:cc-cld-provider:, mtb:cc-cld-consumer:1.0146, mtb:rfc-num:rfc0000000, mtb:ssr-num:, mtb:deploy:ado, mtb:cloud:azuseast2, mtb:env:test, mtb:gl:iaas",2.7292998979763667,2.7292998979763667,USD
/subscriptions/a77d73b2-8f9b-4206-bc85-4b2511346e07/resourcegroups/m-rpr-7rsg-rprtest-01/providers/microsoft.storage/storageaccounts/mpim7lrsstestrestrict01,microsoft.storage/storageaccounts,us east 2,m-rpr-7rsg-rprtest-01,bandwidth,bandwidth,data transfer in,"mtb:cc-cld-requestor:, mtb:cc-cld-provider:, mtb:cc-cld-consumer:1.0146, mtb:app-code:rpr, mtb:ssr-num:, mtb:rfc-num:rfc0000000, mtb:deploy:ado, mtb:cloud:azuseast2, mtb:env:test, mtb:gl:iaas",0.0,0.0,USD
/subscriptions/a77d73b2-8f9b-4206-bc85-4b2511346e07/resourcegroups/m-rpr-7rsg-rprtest-01/providers/microsoft.storage/storageaccounts/mpim7lrsstestrestrict01,microsoft.storage/storageaccounts,us east 2,m-rpr-7rsg-rprtest-01,bandwidth,bandwidth,data transfer out,"mtb:cc-cld-requestor:, mtb:cc-cld-consumer:1.0146, mtb:cc-cld-provider:, mtb:app-code:rpr, mtb:ssr-num:, mtb:rfc-num:rfc0000000, mtb:deploy:ado, mtb:cloud:azuseast2, mtb:env:test, mtb:gl:iaas",0.0006847540796360001,0.0006847540796360001,USD
/subscriptions/a77d73b2-8f9b-4206-bc85-4b2511346e07/resourcegroups/m-rpr-7rsg-rprtest-01/providers/microsoft.storage/storageaccounts/mpim7lrsstestrestrict01,microsoft.storage/storageaccounts,us east 2,m-rpr-7rsg-rprtest-01,storage,blob storage,all other operations,"mtb:app-code:rpr, mtb:cc-cld-requestor:, mtb:cc-cld-consumer:1.0146, mtb:cc-cld-provider:, mtb:ssr-num:, mtb:rfc-num:rfc0000000, mtb:deploy:ado, mtb:cloud:azuseast2, mtb:env:test, mtb:gl:iaas",0.00121902929149,0.00121902929149,USD
/subscriptions/a77d73b2-8f9b-4206-bc85-4b2511346e07/resourcegroups/m-rpr-7rsg-rprtest-01/providers/microsoft.storage/storageaccounts/mpim7lrsstestrestrict01,microsoft.storage/storageaccounts,us east 2,m-rpr-7rsg-rprtest-01,storage,blob storage,hot lrs data stored,"mtb:cc-cld-requestor:, mtb:cc-cld-consumer:1.0146, mtb:cc-cld-provider:, mtb:app-code:rpr, mtb:ssr-num:, mtb:rfc-num:rfc0000000, mtb:deploy:ado, mtb:cloud:azuseast2, mtb:env:test, mtb:gl:iaas",4.669857419899999e-05,4.669857419899999e-05,USD
/subscriptions/a77d73b2-8f9b-4206-bc85-4b2511346e07/resourcegroups/m-rpr-7rsg-rprtest-01/providers/microsoft.storage/storageaccounts/mpim7lrsstestrestrict01,microsoft.storage/storageaccounts,us east 2,m-rpr-7rsg-rprtest-01,storage,blob storage,hot lrs write operations,"mtb:cc-cld-requestor:, mtb:cc-cld-provider:, mtb:cc-cld-consumer:1.0146, mtb:app-code:rpr, mtb:rfc-num:rfc0000000, mtb:ssr-num:, mtb:deploy:ado, mtb:cloud:azuseast2, mtb:env:test, mtb:gl:iaas",0.06971460290835901,0.06971460290835901,USD
/subscriptions/a77d73b2-8f9b-4206-bc85-4b2511346e07/resourcegroups/m-rpr-7rsg-rprtest-01/providers/microsoft.storage/storageaccounts/mpim7lrsstestrestrict01,microsoft.storage/storageaccounts,us east 2,m-rpr-7rsg-rprtest-01,storage,blob storage,lrs list and create container operations,"mtb:cc-cld-consumer:1.0146, mtb:cc-cld-requestor:, mtb:cc-cld-provider:, mtb:app-code:rpr, mtb:deploy:ado, mtb:cloud:azuseast2, mtb:ssr-num:, mtb:rfc-num:rfc0000000, mtb:env:test, mtb:gl:iaas",0.016091987839561,0.016091987839561,USD
/subscriptions/a77d73b2-8f9b-4206-bc85-4b2511346e07/resourcegroups/m-rpr-7rsg-rprtest-01/providers/microsoft.storage/storageaccounts/mpim7lrsstestrestrict01,microsoft.storage/storageaccounts,us east 2,m-rpr-7rsg-rprtest-01,storage,files,list operations,"mtb:cc-cld-requestor:, mtb:cc-cld-consumer:1.0146, mtb:cc-cld-provider:, mtb:app-code:rpr, mtb:ssr-num:, mtb:rfc-num:rfc0000000, mtb:deploy:ado, mtb:cloud:azuseast2, mtb:env:test, mtb:gl:iaas",0.0,0.0,USD
/subscriptions/a77d73b2-8f9b-4206-bc85-4b2511346e07/resourcegroups/m-rpr-7rsg-rprtest-01/providers/microsoft.storage/storageaccounts/mpim7lrsstestrestrict01,microsoft.storage/storageaccounts,us east 2,m-rpr-7rsg-rprtest-01,storage,files,read operations,"mtb:cc-cld-requestor:, mtb:cc-cld-consumer:1.0146, mtb:cc-cld-provider:, mtb:app-code:rpr, mtb:ssr-num:, mtb:rfc-num:rfc0000000, mtb:deploy:ado, mtb:cloud:azuseast2, mtb:env:test, mtb:gl:iaas",0.00040694089668,0.00040694089668,USD
/subscriptions/a77d73b2-8f9b-4206-bc85-4b2511346e07/resourcegroups/m-rpr-7rsg-rprtest-01/providers/microsoft.storage/storageaccounts/mpim7lrsstestrestrict01,microsoft.storage/storageaccounts,us east 2,m-rpr-7rsg-rprtest-01,storage,queues v2,class 2 operations,"mtb:cc-cld-requestor:, mtb:cc-cld-consumer:1.0146, mtb:cc-cld-provider:, mtb:app-code:rpr, mtb:ssr-num:, mtb:rfc-num:rfc0000000, mtb:deploy:ado, mtb:cloud:azuseast2, mtb:env:test, mtb:gl:iaas",0.0008289996157310001,0.0008289996157310001,USD
/subscriptions/a77d73b2-8f9b-4206-bc85-4b2511346e07/resourcegroups/m-rpr-7rsg-rprtest-01/providers/microsoft.storage/storageaccounts/mpim7lrsstestrestrict01,microsoft.storage/storageaccounts,us east 2,m-rpr-7rsg-rprtest-01,storage,queues v2,lrs class 1 operations,"mtb:cc-cld-requestor:, mtb:cc-cld-provider:, mtb:cc-cld-consumer:1.0146, mtb:app-code:rpr, mtb:rfc-num:rfc0000000, mtb:ssr-num:, mtb:deploy:ado, mtb:cloud:azuseast2, mtb:env:test, mtb:gl:iaas",0.0,0.0,USD
/subscriptions/a77d73b2-8f9b-4206-bc85-4b2511346e07/resourcegroups/m-rpr-7rsg-rprtest-01/providers/microsoft.storage/storageaccounts/mpim7lrsstestrestrict01,microsoft.storage/storageaccounts,us east 2,m-rpr-7rsg-rprtest-01,storage,tables,batch write operations,"mtb:cc-cld-requestor:, mtb:cc-cld-provider:, mtb:cc-cld-consumer:1.0146, mtb:app-code:rpr, mtb:rfc-num:rfc0000000, mtb:ssr-num:, mtb:deploy:ado, mtb:cloud:azuseast2, mtb:env:test, mtb:gl:iaas",0.0,0.0,USD
/subscriptions/a77d73b2-8f9b-4206-bc85-4b2511346e07/resourcegroups/m-rpr-7rsg-rprtest-01/providers/microsoft.storage/storageaccounts/mpim7lrsstestrestrict01,microsoft.storage/storageaccounts,us east 2,m-rpr-7rsg-rprtest-01,storage,tables,lrs data stored,"mtb:cc-cld-requestor:, mtb:cc-cld-consumer:1.0146, mtb:cc-cld-provider:, mtb:app-code:rpr, mtb:ssr-num:, mtb:rfc-num:rfc0000000, mtb:deploy:ado, mtb:cloud:azuseast2, mtb:env:test, mtb:gl:iaas",0.0,0.0,USD
/subscriptions/a77d73b2-8f9b-4206-bc85-4b2511346e07/resourcegroups/m-rpr-7rsg-rprtest-01/providers/microsoft.storage/storageaccounts/mpim7lrsstestrestrict01,microsoft.storage/storageaccounts,us east 2,m-rpr-7rsg-rprtest-01,storage,tables,read operations,"mtb:cc-cld-requestor:, mtb:cc-cld-provider:, mtb:cc-cld-consumer:1.0146, mtb:app-code:rpr, mtb:rfc-num:rfc0000000, mtb:ssr-num:, mtb:deploy:ado, mtb:cloud:azuseast2, mtb:env:test, mtb:gl:iaas",0.00011844992779100001,0.00011844992779100001,USD
/subscriptions/a77d73b2-8f9b-4206-bc85-4b2511346e07/resourcegroups/m-rpr-7rsg-rprtest-01/providers/microsoft.storage/storageaccounts/mrpr7statestlogs01,microsoft.storage/storageaccounts,us east 2,m-rpr-7rsg-rprtest-01,bandwidth,bandwidth,data transfer in,"mtb:cc-cld-requestor:, mtb:cc-cld-provider:, mtb:cc-cld-consumer:1.0146, mtb:app-code:rpr, mtb:rfc-num:rfc0000000, mtb:ssr-num:, mtb:deploy:ado, mtb:cloud:azuseast2, mtb:env:test, mtb:gl:iaas",0.0,0.0,USD
/subscriptions/a77d73b2-8f9b-4206-bc85-4b2511346e07/resourcegroups/m-rpr-7rsg-rprtest-01/providers/microsoft.storage/storageaccounts/mrpr7statestlogs01,microsoft.storage/storageaccounts,us east 2,m-rpr-7rsg-rprtest-01,bandwidth,bandwidth,data transfer out,"mtb:cc-cld-requestor:, mtb:cc-cld-provider:, mtb:cc-cld-consumer:1.0146, mtb:app-code:rpr, mtb:rfc-num:rfc0000000, mtb:ssr-num:, mtb:deploy:ado, mtb:cloud:azuseast2, mtb:env:test, mtb:gl:iaas",0.0006872623363360002,0.0006872623363360002,USD
/subscriptions/a77d73b2-8f9b-4206-bc85-4b2511346e07/resourcegroups/m-rpr-7rsg-rprtest-01/providers/microsoft.storage/storageaccounts/mrpr7statestlogs01,microsoft.storage/storageaccounts,us east 2,m-rpr-7rsg-rprtest-01,storage,blob storage,all other operations,"mtb:cc-cld-requestor:, mtb:cc-cld-consumer:1.0146, mtb:cc-cld-provider:, mtb:app-code:rpr, mtb:rfc-num:rfc0000000, mtb:ssr-num:, mtb:deploy:ado, mtb:cloud:azuseast2, mtb:env:test, mtb:gl:iaas",0.001222730048295,0.001222730048295,USD
/subscriptions/a77d73b2-8f9b-4206-bc85-4b2511346e07/resourcegroups/m-rpr-7rsg-rprtest-01/providers/microsoft.storage/storageaccounts/mrpr7statestlogs01,microsoft.storage/storageaccounts,us east 2,m-rpr-7rsg-rprtest-01,storage,blob storage,hot lrs data stored,"mtb:cc-cld-requestor:, mtb:cc-cld-consumer:1.0146, mtb:cc-cld-provider:, mtb:app-code:rpr, mtb:rfc-num:rfc0000000, mtb:ssr-num:, mtb:deploy:ado, mtb:cloud:azuseast2, mtb:env:test, mtb:gl:iaas",5.0601646871e-05,5.0601646871e-05,USD
/subscriptions/a77d73b2-8f9b-4206-bc85-4b2511346e07/resourcegroups/m-rpr-7rsg-rprtest-01/providers/microsoft.storage/storageaccounts/mrpr7statestlogs01,microsoft.storage/storageaccounts,us east 2,m-rpr-7rsg-rprtest-01,storage,blob storage,hot lrs write operations,"mtb:cc-cld-requestor:, mtb:cc-cld-provider:, mtb:cc-cld-consumer:1.0146, mtb:app-code:rpr, mtb:rfc-num:rfc0000000, mtb:ssr-num:, mtb:deploy:ado, mtb:cloud:azuseast2, mtb:env:test, mtb:gl:iaas",0.070894426951841,0.070894426951841,USD
/subscriptions/a77d73b2-8f9b-4206-bc85-4b2511346e07/resourcegroups/m-rpr-7rsg-rprtest-01/providers/microsoft.storage/storageaccounts/mrpr7statestlogs01,microsoft.storage/storageaccounts,us east 2,m-rpr-7rsg-rprtest-01,storage,blob storage,lrs list and create container operations,"mtb:app-code:rpr, mtb:cc-cld-requestor:, mtb:cc-cld-consumer:1.0146, mtb:cc-cld-provider:, mtb:rfc-num:rfc0000000, mtb:ssr-num:, mtb:deploy:ado, mtb:cloud:azuseast2, mtb:env:test, mtb:gl:iaas",0.016151809355693998,0.016151809355693998,USD
/subscriptions/a77d73b2-8f9b-4206-bc85-4b2511346e07/resourcegroups/m-rpr-7rsg-rprtest-01/providers/microsoft.storage/storageaccounts/mrpr7statestlogs01,microsoft.storage/storageaccounts,us east 2,m-rpr-7rsg-rprtest-01,storage,files,list operations,"mtb:cc-cld-requestor:, mtb:cc-cld-consumer:1.0146, mtb:cc-cld-provider:, mtb:app-code:rpr, mtb:rfc-num:rfc0000000, mtb:ssr-num:, mtb:deploy:ado, mtb:cloud:azuseast2, mtb:env:test, mtb:gl:iaas",0.0,0.0,USD
/subscriptions/a77d73b2-8f9b-4206-bc85-4b2511346e07/resourcegroups/m-rpr-7rsg-rprtest-01/providers/microsoft.storage/storageaccounts/mrpr7statestlogs01,microsoft.storage/storageaccounts,us east 2,m-rpr-7rsg-rprtest-01,storage,files,read operations,"mtb:cc-cld-requestor:, mtb:cc-cld-provider:, mtb:cc-cld-consumer:1.0146, mtb:app-code:rpr, mtb:rfc-num:rfc0000000, mtb:ssr-num:, mtb:deploy:ado, mtb:cloud:azuseast2, mtb:env:test, mtb:gl:iaas",0.0004081992173269999,0.0004081992173269999,USD
/subscriptions/a77d73b2-8f9b-4206-bc85-4b2511346e07/resourcegroups/m-rpr-7rsg-rprtest-01/providers/microsoft.storage/storageaccounts/mrpr7statestlogs01,microsoft.storage/storageaccounts,us east 2,m-rpr-7rsg-rprtest-01,storage,queues v2,class 2 operations,"mtb:cc-cld-requestor:, mtb:cc-cld-consumer:1.0146, mtb:cc-cld-provider:, mtb:app-code:rpr, mtb:ssr-num:, mtb:rfc-num:rfc0000000, mtb:deploy:ado, mtb:cloud:azuseast2, mtb:env:test, mtb:gl:iaas",0.000831561419243,0.000831561419243,USD
/subscriptions/a77d73b2-8f9b-4206-bc85-4b2511346e07/resourcegroups/m-rpr-7rsg-rprtest-01/providers/microsoft.storage/storageaccounts/mrpr7statestlogs01,microsoft.storage/storageaccounts,us east 2,m-rpr-7rsg-rprtest-01,storage,queues v2,lrs class 1 operations,"mtb:cc-cld-requestor:, mtb:cc-cld-provider:, mtb:cc-cld-consumer:1.0146, mtb:app-code:rpr, mtb:ssr-num:, mtb:rfc-num:rfc0000000, mtb:deploy:ado, mtb:cloud:azuseast2, mtb:env:test, mtb:gl:iaas",0.0,0.0,USD
/subscriptions/a77d73b2-8f9b-4206-bc85-4b2511346e07/resourcegroups/m-rpr-7rsg-rprtest-01/providers/microsoft.storage/storageaccounts/mrpr7statestlogs01,microsoft.storage/storageaccounts,us east 2,m-rpr-7rsg-rprtest-01,storage,tables,batch write operations,"mtb:cc-cld-requestor:, mtb:cc-cld-consumer:1.0146, mtb:cc-cld-provider:, mtb:app-code:rpr, mtb:ssr-num:, mtb:rfc-num:rfc0000000, mtb:deploy:ado, mtb:cloud:azuseast2, mtb:env:test, mtb:gl:iaas",0.0,0.0,USD
/subscriptions/a77d73b2-8f9b-4206-bc85-4b2511346e07/resourcegroups/m-rpr-7rsg-rprtest-01/providers/microsoft.storage/storageaccounts/mrpr7statestlogs01,microsoft.storage/storageaccounts,us east 2,m-rpr-7rsg-rprtest-01,storage,tables,lrs data stored,"mtb:cc-cld-requestor:, mtb:cc-cld-consumer:1.0146, mtb:cc-cld-provider:, mtb:app-code:rpr, mtb:rfc-num:rfc0000000, mtb:ssr-num:, mtb:deploy:ado, mtb:cloud:azuseast2, mtb:env:test, mtb:gl:iaas",0.0,0.0,USD
/subscriptions/a77d73b2-8f9b-4206-bc85-4b2511346e07/resourcegroups/m-rpr-7rsg-rprtest-01/providers/microsoft.storage/storageaccounts/mrpr7statestlogs01,microsoft.storage/storageaccounts,us east 2,m-rpr-7rsg-rprtest-01,storage,tables,read operations,"mtb:cc-cld-requestor:, mtb:cc-cld-provider:, mtb:cc-cld-consumer:1.0146, mtb:app-code:rpr, mtb:rfc-num:rfc0000000, mtb:ssr-num:, mtb:deploy:ado, mtb:cloud:azuseast2, mtb:env:test, mtb:gl:iaas",0.00011887170795100001,0.00011887170795100001,USD
